name;id;error;errorDescription;failures;hash;httpRequests;httpRequestsMax;httpRequestsMin;httpRequestsStd;replication;results;resultsMax;resultsMin;time;timeMax;timeMin;times;timestamps;timestampsMax;timestampsMin;timestampsStd;timeStd;timestampsAll
interactive-discover-1;0;false;;0;d632b8166f912f4afd062d64186f2dc6;51;51;51;0;5;6;6;6;1320.4;2475;810;2475 893 1256 1168 810;354.2 404 430.8 446.8 692.6 697.2;707 791 831 843 1111 1112;184 290 312 320 526 528;181.45677171161182 194.0803957127046 200.63738435296648 200.0033999711005 214.69941779147885 213.11912161981147;600.6085580475856;"[[707,791,831,843,1111,1112],[286,295,349,396,674,680],[298,311,317,322,584,587],[184,290,312,320,526,528],[296,333,345,353,568,579]]"
interactive-discover-1;1;false;;0;e00f199d535cd1710bf9be67f04f39e4;50;50;50;0;5;4;4;4;883;1008;768;903 1008 897 768 839;89.8 97.2 98.2 98.6;107 117 117 117;70 71 71 72;14.579437574886077 16.497272501841024 17.19767426136453 17.04816705690087;79.22373381758777;"[[93,107,112,113],[103,105,105,105],[107,117,117,117],[76,86,86,86],[70,71,71,72]]"
interactive-discover-1;2;false;;0;c4499554f796e968a069e67a8f5d9d1c;43;43;43;0;5;1;1;1;560.8;737;463;514 463 520 737 570;94.6;107;83;10.307278981380101;94.39364385381042;"[[107],[83],[107],[87],[89]]"
interactive-discover-1;3;false;;0;6c0a9fe8be642ee232c10c9996912b97;30;30;30;0;5;14;14;14;605.6;1254;407;432 423 407 512 1254;138.8 142.4 142.6 142.6 142.6 142.6 142.6 143.2 143.2 143.2 143.8 144 144.4 144.6;258 258 258 258 258 258 258 258 258 258 258 258 259 259;77 78 78 78 78 78 78 80 80 80 81 82 82 82;62.28771949590064 60.694645562850106 60.65509047062744 60.65509047062744 60.65509047062744 60.65509047062744 60.65509047062744 60.16444132542078 60.16444132542078 60.16444132542078 59.847806977365515 59.63891347098805 59.955316695018794 59.888563181963214;326.2223781410466;"[[130,130,131,131,131,131,131,131,131,131,132,132,132,132],[107,124,124,124,124,124,124,124,124,124,124,124,125,125],[77,78,78,78,78,78,78,80,80,80,81,82,82,82],[122,122,122,122,122,122,122,123,123,123,124,124,124,125],[258,258,258,258,258,258,258,258,258,258,258,258,259,259]]"
interactive-discover-1;4;false;;0;7536d3a2c1abc2a9ac92b1860efa3282;45;45;45;0;5;8;8;8;1097.6;1314;922;922 1314 1034 1141 1077;324.4 328.2 329.2 329.6 354.2 375.6 383 389.4;377 386 387 388 406 414 432 440;197 204 206 206 244 319 324 330;69.40201726174824 68.70050945953749 68.20967673285074 68.50868558073495 62.476875722142196 41.61057557881169 44.49719092257398 43.95270185096702;129.62808337702137;"[[377,386,387,388,406,414,432,440],[373,373,373,374,398,410,416,421],[303,303,304,304,325,331,335,344],[197,204,206,206,244,319,324,330],[372,375,376,376,398,404,408,412]]"
interactive-discover-2;0;false;;0;18ff3becda1d7305aaa0da5860ca7511;51;51;51;0;5;66;66;66;986.8;1214;774;1042 888 1214 774 1016;171 178.6 202.6 204.8 205.2 206.2 207.6 208.6 209.2 209.4 209.4 209.4 209.8 209.8 209.8 210 210 210.2 210.6 211.8 231.2 255.4 271.6 280.6 302.6 332.2 335.8 341.2 342.4 344.2 344.2 344.4 346 346 346 346 346 346 346 346.4 346.6 346.6 346.6 346.8 346.8 347 347 347 347 347 347 347.2 347.6 347.6 347.6 347.8 348.8 349.2 349.2 350.2 365.8 371.6 380.6 387.8 867.6 870.4;201 206 217 218 218 220 220 223 223 223 223 223 224 224 224 224 224 224 225 225 284 338 342 347 352 411 412 412 412 412 412 413 413 413 413 413 413 413 413 414 414 414 414 414 414 414 414 414 414 414 414 415 415 415 415 415 415 415 415 418 445 458 469 483 1016 1016;155 158 183 184 184 185 185 185 186 186 186 186 186 186 186 186 186 186 186 192 203 223 231 233 243 258 259 259 260 264 264 264 264 264 264 264 264 264 264 264 264 264 264 264 264 265 265 265 265 265 265 265 265 265 265 265 265 267 267 267 275 277 285 293 774 774;16.443843832875572 16.16910634512619 12.370933675353692 13.105723940324701 13.075167302944921 13.422369388450013 14.430523206037957 14.987995196156154 14.958609561052123 15.134067529914091 15.134067529914091 15.134067529914091 15.432433379088343 15.432433379088343 15.432433379088343 15.270887335056859 15.270887335056859 15.445387661046258 15.74293492332354 13.948476619330155 27.56374430297887 42.58450422395452 40.731314734489 43.82967031589446 38.75358047974406 51.440839806519485 52.04382768398189 54.87221519129695 55.31220480147216 54.612819007994815 54.612819007994815 54.86200871276953 56.238776658103085 56.238776658103085 56.238776658103085 56.238776658103085 56.238776658103085 56.238776658103085 56.238776658103085 56.322641983486534 56.50345122202714 56.50345122202714 56.50345122202714 56.531053413146296 56.531053413146296 56.238776658103085 56.238776658103085 56.238776658103085 56.238776658103085 56.238776658103085 56.238776658103085 56.47796030311293 56.50345122202714 56.50345122202714 56.50345122202714 56.531053413146296 55.786736774971885 55.188404579222976 55.188404579222976 55.96213005238453 60.60825026347485 62.952680641891654 63.16518028154436 64.2569840562098 89.28516114114372 86.98873490285969;148.70427028165668;"[[201,206,208,215,215,216,217,217,218,218,218,218,219,219,219,219,219,219,220,220,220,250,285,312,337,411,412,412,412,412,412,413,413,413,413,413,413,413,413,414,414,414,414,414,414,414,414,414,414,414,414,415,415,415,415,415,415,415,415,418,445,458,469,483,884,886],[165,168,211,212,213,214,220,223,223,223,223,223,224,224,224,224,224,224,225,225,225,242,267,274,286,300,301,301,301,302,302,302,302,302,302,302,302,302,302,303,303,303,303,303,303,303,303,303,303,303,303,303,304,304,304,304,309,309,309,309,328,335,343,351,888,888],[159,183,183,184,184,185,185,185,186,186,186,186,186,186,186,186,186,186,186,192,284,338,342,347,352,353,353,354,354,354,354,354,354,354,354,354,354,354,354,354,354,354,354,355,355,355,355,355,355,355,355,355,355,355,355,356,356,356,356,358,366,371,386,389,776,788],[155,158,217,218,218,220,220,221,222,223,223,223,223,223,223,223,223,224,224,224,224,224,233,233,295,339,354,380,385,389,389,389,397,397,397,397,397,397,397,397,398,398,398,398,398,398,398,398,398,398,398,398,399,399,399,399,399,399,399,399,415,417,420,423,774,774],[175,178,194,195,196,196,196,197,197,197,197,197,197,197,197,198,198,198,198,198,203,223,231,237,243,258,259,259,260,264,264,264,264,264,264,264,264,264,264,264,264,264,264,264,264,265,265,265,265,265,265,265,265,265,265,265,265,267,267,267,275,277,285,293,1016,1016]]"
interactive-discover-2;1;false;;0;f6a5ba863b07324a44f8e492bf9ab0e1;50;50;50;0;5;46;46;46;771.2;1358;542;587 1358 710 659 542;96.4 102.6 104.4 107.8 193.8 193.8 194 210.4 211 212.2 227 227.2 239.6 258.8 259.2 259.2 259.6 260 270.8 285.6 300.6 314.8 334.4 334.6 352.4 367.2 384.4 402.6 403.4 417 431 449.6 450 450.4 463.4 479.2 479.8 492.4 508 508.6 524 540.4 558.8 577 597.4 615;105 111 111 119 434 434 434 469 470 470 503 503 537 579 580 580 581 582 607 643 680 714 748 749 794 819 851 887 888 920 956 998 999 1000 1028 1065 1065 1098 1137 1137 1171 1203 1250 1275 1310 1358;89 91 91 99 111 111 112 120 120 125 134 134 144 149 149 149 149 150 150 159 159 159 165 165 171 179 188 195 196 203 212 227 227 227 237 246 247 248 253 254 259 274 280 292 298 303;5.986651818838307 7.863841300535 7.1442284397967 6.764613810115105 121.83497034923923 121.83497034923923 121.69963023772915 130.9772499329559 131.24633328211496 130.43373796683127 138.9186812491394 138.80547539632576 149.65106080479347 161.35724340729175 161.6816625347476 161.6816625347476 161.9624647873698 162.22330288833354 169.92633698164627 180.6827053151463 192.33678795279909 202.9348663980638 211.3031944860276 211.69468580954035 225.54077236721523 231.14186120216306 238.99255218520932 248.78070664744078 248.90608670741665 258.0387567788994 268.5747568182833 279.94613767651805 280.27557867213477 280.61974271244713 287.5827533076349 298.24446348591283 297.90293721277743 308.7404087579078 320.8432639155761 320.5012324469284 330.32045047196215 337.84233008905204 352.47206981546776 356.7368778245389 364.7287211065232 379.95947152295076;299.0420706188345;"[[101,110,110,111,111,111,112,120,120,126,148,149,149,149,149,149,149,150,150,159,159,159,165,165,171,179,188,195,196,203,212,227,227,227,237,246,247,248,253,254,259,274,280,292,298,303],[105,105,105,105,434,434,434,469,470,470,503,503,537,579,580,580,581,582,607,643,680,714,748,749,794,819,851,887,888,920,956,998,999,1000,1028,1065,1065,1098,1137,1137,1171,1203,1250,1275,1310,1358],[96,111,111,119,167,167,167,167,168,168,172,172,184,200,201,201,201,201,210,223,236,249,276,276,293,306,327,351,352,352,353,362,363,363,370,381,382,398,408,409,424,433,448,475,498,499],[91,91,91,99,143,143,143,171,172,172,178,178,184,201,201,201,201,201,217,228,244,259,279,279,289,307,319,333,334,354,367,383,383,384,390,403,403,412,428,428,442,457,471,489,506,526],[89,96,105,105,114,114,114,125,125,125,134,134,144,165,165,165,166,166,170,175,184,193,204,204,215,225,237,247,247,256,267,278,278,278,292,301,302,306,314,315,324,335,345,354,375,389]]"
interactive-discover-2;2;false;;0;113587781a953fec190d8e3339b06c26;43;43;43;0;5;32;32;32;652;736;538;674 736 538 703 609;97.4 147.4 157 169.2 185 203.6 218.6 237.6 238.4 238.6 240.2 248.6 261 274 289.8 308.8 309.4 324.2 338 349.2 363.4 378.4 398.6 411.6 428.6 440.8 458.8 471.4 481.4 493.2 510.2 510.8;114 171 178 186 196 215 235 254 255 255 255 266 278 291 309 334 335 362 379 380 390 411 427 440 465 479 511 525 531 534 554 555;91 125 139 150 165 179 191 208 209 209 210 220 233 244 256 271 271 282 289 297 309 322 352 353 358 367 377 390 401 419 433 434;8.475848040166838 18.11739495622922 14.573949361789344 13.555810562264435 12.66491215919005 13.016912076218384 16.131955864060625 18.095303258028036 17.962182495454165 18.095303258028036 17.428711943227476 18.8849146145806 18.42823919966311 19.01578291840754 21.094074997496335 23.318662054243163 23.778982316322956 28.045677028732968 31.7742033731768 31.237157361066 31.385346899468868 33.755592129305036 30.50639277266324 35.63481443756933 42.52340531989413 43.86524820401681 47.42741823038653 47.768608939344254 46.27137343974134 44.26014008111587 46.20562736290895 46.14932285527058;70.69087635614656;"[[114,161,167,179,196,215,228,250,250,251,252,262,273,287,304,322,323,334,349,367,383,395,415,438,465,467,476,485,498,514,530,531],[96,171,178,186,195,211,235,254,255,255,255,263,276,291,309,334,335,362,379,380,388,406,427,440,454,477,511,525,531,534,554,555],[91,125,139,150,165,179,191,208,209,209,210,220,233,244,256,271,271,282,289,297,309,322,352,353,358,367,377,390,401,419,433,434],[94,152,158,174,194,211,229,251,252,252,253,266,278,289,306,324,325,339,357,372,390,411,426,440,465,479,492,507,515,532,551,551],[92,128,143,157,175,202,210,225,226,226,231,232,245,259,274,293,293,304,316,330,347,358,373,387,401,414,438,450,462,467,483,483]]"
interactive-discover-2;3;false;;0;23320e2cdf40e8165aa7fdff74171184;30;30;30;0;5;198;198;198;738.8;857;579;857 754 579 854 650;158 160.2 161.2 164.4 165.4 166.8 167.6 167.8 168 168.2 169.4 169.4 169.6 169.6 169.8 171.8 252.8 257 258.2 259.8 260.2 260.4 260.8 261.2 261.6 261.6 261.6 262.4 264 265.4 266.4 267.2 272.2 273.4 274.8 276.6 282.6 283.4 284.6 288.4 291 292.6 296 297.2 297.4 297.8 298.4 298.4 298.4 298.6 298.8 299.4 299.4 299.4 299.4 299.4 299.4 299.4 299.4 299.4 299.6 299.6 299.6 299.6 299.6 300 300.8 300.8 300.8 303.4 305.8 311 315.6 320.2 321.8 323.4 325.8 328.8 330.2 334.4 339.4 341.8 342 342.2 342.4 342.4 342.6 342.8 343.2 343.2 343.2 343.4 343.4 343.6 343.8 343.8 343.8 343.8 344 344 344 344 344 344 344.4 344.4 344.4 344.8 345 346.6 346.6 346.6 347.2 348.2 348.2 352.2 354.8 356.2 358.2 362.6 366.4 372 373.8 376.8 379.6 384.4 384.4 385.2 385.6 387.2 387.6 389.2 392.4 394.8 395 395.2 395.2 395.4 395.4 395.4 395.4 395.4 395.6 395.6 395.6 395.6 395.6 395.8 395.8 395.8 396 396 396 396 396 396.2 396.2 396.2 396.2 396.2 396.4 396.4 396.4 396.4 396.6 396.6 396.6 397.4 400.2 400.8 401.6 403.2 403.6 404.8 408.2 410 411.2 413.4 414.4 414.4 414.4 414.4 414.4 414.6 414.6 414.6 414.6 415 415.2 415.6 417.2 417.6 417.8 418 419.2 420.2 421.4 422.4;180 183 186 194 196 196 197 197 197 198 198 198 198 198 198 198 311 315 318 318 319 319 320 320 321 321 321 321 321 321 321 321 325 325 325 329 331 334 337 341 341 342 342 343 343 343 343 343 343 343 344 344 344 344 344 344 344 344 344 344 344 344 344 344 344 344 345 345 345 345 345 359 365 369 373 380 381 382 382 383 383 383 383 383 383 383 384 384 384 384 384 384 384 384 384 384 384 384 384 384 384 384 384 384 384 384 384 385 385 385 385 385 388 388 388 407 409 414 419 425 426 427 427 428 433 442 442 442 443 443 443 444 444 444 444 444 444 444 444 444 444 444 444 444 444 444 444 444 444 444 444 444 444 444 444 445 445 445 445 445 445 445 445 445 445 445 445 445 446 449 452 460 462 462 462 464 466 468 471 471 471 471 471 472 472 472 472 472 472 472 473 473 473 473 478 479 480 481;132 136 137 143 144 150 153 154 154 154 154 154 154 154 155 155 198 198 198 198 198 198 199 199 199 199 199 203 211 218 221 225 235 236 236 237 240 240 240 240 240 240 240 240 241 241 241 241 241 241 241 241 241 241 241 241 241 241 241 241 241 241 241 241 241 243 243 243 243 243 253 255 266 274 277 278 278 279 280 280 281 281 281 281 281 281 281 281 281 281 281 282 282 282 282 282 282 282 282 282 282 282 282 282 282 282 282 283 283 283 283 283 283 288 288 288 299 301 306 318 330 330 330 331 331 331 331 331 332 332 332 332 332 332 332 332 332 332 332 332 332 332 332 332 332 332 332 332 332 332 332 332 332 332 332 332 332 332 332 332 333 333 333 333 333 333 333 333 333 333 333 333 333 339 341 342 344 351 351 351 351 351 351 351 351 351 351 351 351 351 352 352 352 353 353 354 355 356;15.735310610216755 15.612815249018992 16.302147097851865 17.327434893832383 17.6136310850432 16.31441080762649 16.094719630984567 15.91728620085723 15.748015748023622 16.117071694324622 15.944905142395799 15.944905142395799 15.768322675541617 15.768322675541617 15.574337867145427 16.351146748775758 37.0048645450838 39.59292866156784 40.28597770937178 40.021993953325214 40.271081435690306 40.21243588742169 40.19651726207135 40.271081435690306 40.50481452864585 40.50481452864585 40.50481452864585 39.28154783101094 36.92153842948584 34.966269460724575 34.39534852272906 33.36105513918887 33.760331751924475 33.755592129305036 34.99371372118141 36.36811790566017 35.584266186054755 36.329602254910526 37.20537595563308 36.52177432710519 35.73233829460367 35.39265460515784 34.72751070837067 34.95940502926216 34.63293230438335 34.56240732356471 34.60404600621147 34.60404600621147 34.60404600621147 34.627156972526635 34.88495377666423 34.66756409094818 34.66756409094818 34.66756409094818 34.66756409094818 34.66756409094818 34.66756409094818 34.66756409094818 34.66756409094818 34.66756409094818 34.60404600621147 34.60404600621147 34.60404600621147 34.60404600621147 34.60404600621147 33.92933833719721 34.573978654473656 34.573978654473656 34.573978654473656 36.64751014734835 33.813606728652886 38.319707723311254 37.654216231386364 39.009742372899616 39.55451933723882 41.2 40.91161204352622 39.45326348985595 38.85563022265885 37.56913626901742 35.903203199714646 35.10783388362204 35.12264226962431 35.0736368231183 35.09187940250565 35.09187940250565 35.324778838656584 35.27832195555792 35.57189902155914 35.57189902155914 35.57189902155914 35.22271994040211 35.22271994040211 35.37569787297489 35.391524409101116 35.391524409101116 35.391524409101116 35.391524409101116 35.5471517846367 35.5471517846367 35.5471517846367 35.5471517846367 35.5471517846367 35.5471517846367 35.869764426324295 35.869764426324295 35.869764426324295 35.745768980398225 35.6931365951495 37.108489594700565 37.108489594700565 37.108489594700565 37.74334378403694 36.0577314871582 36.0577314871582 40.89694365108473 38.107217164206574 38.98409932267258 39.127483946709376 37.601063814738005 35.9922213818486 38.82782507429434 39.650472884948044 41.556708243074304 42.476346358885436 43.6467639121161 43.6467639121161 43.106380038226355 43.12122447241033 42.01618735677953 41.74493981310789 41.16989191144422 39.92292574448922 39.645428488036295 39.81457019735363 39.8165794613249 39.8165794613249 39.822606644969895 39.822606644969895 39.822606644969895 39.822606644969895 39.822606644969895 39.99299938739279 39.99299938739279 39.99299938739279 39.99299938739279 39.99299938739279 39.891853805006356 39.891853805006356 39.891853805006356 39.89987468652001 39.89987468652001 39.89987468652001 39.89987468652001 39.89987468652001 40.14174884082655 40.14174884082655 40.14174884082655 40.14174884082655 40.14174884082655 39.822606644969895 39.822606644969895 39.822606644969895 39.822606644969895 39.72203418758913 39.72203418758913 39.72203418758913 40.24723592993685 43.01348625721938 43.664172956784604 44.229401985557075 46.127648975424705 46.62445710139691 44.83480790635775 45.96259348644286 47.10413994544429 46.76494413553811 45.37223820796148 45.86763564867935 45.86763564867935 45.86763564867935 45.86763564867935 45.86763564867935 46.11550715323426 46.11550715323426 46.11550715323426 46.11550715323426 45.98695467195018 45.92776937757809 45.8196464412374 45.53416299878587 45.477906724034696 45.3493109098694 45.05996005324461 46.49903224799415 46.49903224799415 46.69304016660299 47.02169711952132;110.35832546754233;"[[160,161,161,162,163,163,163,163,163,163,168,168,168,168,168,168,311,315,318,318,319,319,320,320,321,321,321,321,321,321,321,321,325,325,325,329,331,334,337,341,341,342,342,343,343,343,343,343,343,343,344,344,344,344,344,344,344,344,344,344,344,344,344,344,344,344,345,345,345,345,345,359,365,369,373,380,381,382,382,383,383,383,383,383,383,383,384,384,384,384,384,384,384,384,384,384,384,384,384,384,384,384,384,384,384,384,384,385,385,385,385,385,388,388,388,407,409,414,419,425,426,427,427,428,428,428,428,428,428,428,428,428,428,428,429,429,429,429,429,429,429,429,430,430,430,430,430,430,430,430,430,430,430,430,430,430,430,430,430,430,430,430,430,430,430,430,430,433,446,449,452,460,462,462,462,462,462,463,463,463,463,463,463,463,463,463,463,463,463,463,463,463,463,463,464,465,467,469],[132,136,137,143,144,150,153,154,155,155,155,155,156,156,156,156,242,243,245,251,252,252,252,253,253,253,253,253,253,253,253,253,253,253,253,254,256,256,256,268,272,278,293,298,298,299,302,302,302,303,303,303,303,303,303,303,303,303,303,303,303,303,303,303,303,303,303,303,303,303,303,304,304,304,304,304,314,320,325,331,343,344,345,345,346,346,346,346,346,346,346,346,346,346,347,347,347,347,347,347,347,347,347,347,347,347,347,347,347,347,347,347,347,347,347,347,347,347,347,348,348,348,348,348,348,348,348,351,351,358,360,367,383,395,395,396,396,397,397,397,397,397,397,397,397,397,397,397,397,397,398,398,398,398,398,398,398,398,398,398,398,398,398,398,398,398,398,399,399,399,399,399,399,399,399,399,399,399,399,399,399,399,399,399,399,399,399,401,402,404,410,412,412,412,412,413,414,415],[165,168,169,170,170,171,171,171,171,171,172,172,172,172,172,182,269,283,283,284,284,284,284,285,285,285,285,285,285,285,287,287,298,301,308,311,318,318,319,319,320,320,321,321,321,321,321,321,321,321,321,321,321,321,321,321,321,321,321,321,321,321,321,321,321,321,324,324,324,337,339,348,353,364,365,365,366,366,366,368,368,368,368,368,368,368,368,368,370,370,370,370,370,371,371,371,371,371,372,372,372,372,372,372,374,374,374,374,374,382,382,382,382,382,382,383,383,383,383,383,389,410,416,426,433,442,442,442,443,443,443,444,444,444,444,444,444,444,444,444,444,444,444,444,444,444,444,444,444,444,444,444,444,444,444,445,445,445,445,445,445,445,445,445,445,445,445,445,446,446,446,446,446,446,457,464,466,468,471,471,471,471,471,472,472,472,472,472,472,472,473,473,473,473,478,479,480,481],[153,153,153,153,154,154,154,154,154,154,154,154,154,154,155,155,244,246,247,248,248,249,249,249,250,250,250,250,250,250,250,250,250,252,252,252,268,269,271,274,282,283,284,284,284,285,285,285,285,285,285,288,288,288,288,288,288,288,288,288,289,289,289,289,289,289,289,289,289,289,289,289,290,290,290,290,290,297,298,310,322,333,333,334,334,334,334,335,335,335,335,335,335,335,335,335,335,335,335,335,335,335,335,335,335,335,335,335,336,336,336,336,336,336,336,336,336,336,336,339,339,345,348,351,358,373,373,374,374,375,375,375,375,375,375,375,375,375,375,375,375,375,375,375,375,375,375,376,376,376,376,376,376,376,376,376,376,376,376,376,376,376,376,376,377,377,377,377,377,377,378,378,378,378,382,383,385,386,388,388,388,388,388,388,388,388,388,388,388,388,388,388,389,389,389,390,391,391],[180,183,186,194,196,196,197,197,197,198,198,198,198,198,198,198,198,198,198,198,198,198,199,199,199,199,199,203,211,218,221,225,235,236,236,237,240,240,240,240,240,240,240,240,241,241,241,241,241,241,241,241,241,241,241,241,241,241,241,241,241,241,241,241,241,243,243,243,243,243,253,255,266,274,277,278,278,279,280,280,281,281,281,281,281,281,281,281,281,281,281,282,282,282,282,282,282,282,282,282,282,282,282,282,282,282,282,283,283,283,283,283,283,288,288,288,299,301,306,318,330,330,330,331,331,331,331,331,332,332,332,332,332,332,332,332,332,332,332,332,332,332,332,332,332,332,332,332,332,332,332,332,332,332,332,332,332,332,332,332,333,333,333,333,333,333,333,333,333,333,333,333,333,339,341,342,344,351,351,351,351,351,351,351,351,351,351,351,351,351,352,352,352,353,353,354,355,356]]"
interactive-discover-2;4;false;;0;a7ea80830c1f3358609f53e0ce62fd9a;45;45;45;0;5;98;98;98;1086;1315;928;980 1315 1264 943 928;172.8 186 197.4 199 200 200.2 200.6 201.8 202 202 203.2 203.2 203.4 203.4 203.4 206.4 222.8 246.6 249 249.2 250.8 252 257.8 264.6 282 293.6 304 312 319.2 332.8 347.2 357.2 362.4 365.8 368.4 371.8 372.2 372.4 372.8 373 373.2 373.4 373.4 373.4 373.6 373.6 373.8 374.2 374.2 374.2 374.2 374.2 374.2 374.4 374.6 374.6 374.6 374.6 374.6 374.8 375 375.4 375.6 375.6 375.6 375.6 376.4 376.4 376.6 376.8 378.6 378.8 380.2 380.6 382.2 393.6 404.2 406.6 409.2 416.6 418.6 425.8 431 432.8 435.8 444.2 446.4 449.6 450.4 454 454.2 454.2 454.2 454.8 462.8 466.4 471.2 477.4;180 208 208 208 209 209 210 210 210 210 210 210 210 210 210 219 268 319 324 324 332 332 345 358 365 371 378 379 379 380 380 381 381 381 381 381 381 381 381 382 382 382 382 382 382 382 382 383 383 383 383 383 383 383 383 383 383 383 383 384 384 384 384 384 384 384 384 384 384 384 393 393 393 393 401 430 454 459 463 482 482 482 483 483 483 483 483 483 483 483 483 483 483 484 487 490 495 499;164 165 189 190 191 192 192 193 193 193 193 193 194 194 194 194 194 194 194 195 195 195 201 204 204 204 205 205 205 217 272 305 328 343 356 361 361 361 361 361 362 362 362 362 362 362 362 362 362 362 362 362 362 363 363 363 363 363 363 363 364 364 364 364 364 364 364 364 364 365 365 365 365 366 366 366 372 372 372 372 377 388 388 392 392 414 415 415 415 415 415 415 415 415 420 423 427 431;5.1146847410177685 16.93517050401324 7.964923100695952 7.211102550927978 7.211102550927978 6.968500556073738 7.1442284397967 6.794115100585211 6.782329983125268 6.782329983125268 6.43117407632541 6.43117407632541 6.118823416311342 6.118823416311342 6.118823416311342 9.562426470305537 29.902508255997525 58.37328155928875 60.91305278838026 60.73351628219792 62.75476077557781 64.16541124313005 66.04665018000534 69.22311752586704 62.247891530557084 60.09525771639556 60.34898507845845 61.410096889680936 61.40488579909583 58.71762937994006 38.37916101219515 26.910221106486656 18.499729727755486 13.287588193498472 9.221713506718803 6.8527366796047255 6.794115100585211 6.858571279792898 7.054076835419359 7.293833011524188 6.968500556073738 7.059745037889115 7.059745037889115 7.059745037889115 6.945502141674134 6.945502141674134 7.054076835419359 7.386474125047755 7.386474125047755 7.386474125047755 7.386474125047755 7.386474125047755 7.386474125047755 7.059745037889115 7.172168430816442 7.172168430816442 7.172168430816442 7.172168430816442 7.172168430816442 7.413501197140255 7.0992957397195395 7.059745037889115 7.172168430816442 7.172168430816442 7.172168430816442 7.172168430816442 7.812809993849843 7.812809993849843 7.889233169326407 7.573638491504594 9.810198774744576 9.927738916792686 10.476640682967036 10.011992808627062 12.253978945632314 24.179330015531864 28.610487587596268 30.421045346930473 31.783014331557666 38.4166630513375 37.11387880564359 31.39681512510465 31.279386183235758 30.47228248753283 32.027488193737575 28.392956873140214 26.956260868302934 25.49195951667898 25.366119135571367 26.038433132583073 26.13350340080717 26.13350340080717 26.13350340080717 26.026140705068048 26.13350340080717 25.989228537992425 26.551082840441744 26.582701141908057;167.79392122481673;"[[164,165,189,190,191,192,192,193,193,193,193,193,194,194,194,194,194,194,194,195,195,195,201,214,236,260,279,290,310,352,366,367,367,368,368,368,369,369,369,369,369,369,369,369,370,370,370,370,370,370,370,370,370,370,370,370,370,370,370,370,370,371,371,371,371,371,371,371,371,371,371,371,371,372,372,372,372,372,372,372,377,413,438,443,458,473,474,474,474,474,474,474,474,474,478,482,489,498],[180,208,208,208,209,209,210,210,210,210,210,210,210,210,210,216,249,317,324,324,332,332,332,340,344,347,352,359,359,360,360,361,361,361,361,361,361,361,361,361,362,362,362,362,362,362,362,362,362,362,362,362,362,363,363,363,363,363,363,363,364,364,364,364,364,364,364,364,364,365,365,365,365,366,366,366,391,394,399,409,414,414,414,414,414,414,415,415,415,415,415,415,415,415,420,423,427,431],[173,204,206,207,208,208,208,209,209,209,210,210,210,210,210,219,268,319,323,323,323,329,345,358,365,371,378,379,379,380,380,381,381,381,381,381,381,381,381,382,382,382,382,382,382,382,382,383,383,383,383,383,383,383,383,383,383,383,383,384,384,384,384,384,384,384,384,384,384,384,384,385,385,385,385,412,416,420,424,432,432,432,432,432,432,432,432,432,432,432,432,432,432,434,445,450,454,464],[174,178,193,196,197,197,198,201,202,202,203,203,203,203,203,203,203,203,204,204,204,204,204,204,204,204,205,205,205,217,272,305,328,343,356,373,374,375,376,376,376,377,377,377,377,377,377,378,378,378,378,378,378,378,378,378,378,378,378,378,378,379,379,379,379,379,379,379,380,380,380,380,387,387,387,388,388,388,388,388,388,388,388,392,392,419,428,444,448,466,467,467,467,467,484,487,491,495],[173,175,191,194,195,195,195,196,196,196,200,200,200,200,200,200,200,200,200,200,200,200,207,207,261,286,306,327,343,355,358,372,375,376,376,376,376,376,377,377,377,377,377,377,377,377,378,378,378,378,378,378,378,378,379,379,379,379,379,379,379,379,380,380,380,380,384,384,384,384,393,393,393,393,401,430,454,459,463,482,482,482,483,483,483,483,483,483,483,483,483,483,483,484,487,490,495,499]]"
interactive-discover-3;0;false;;0;f73f381559d96d678c3627e6da228898;177;177;177;0;5;71;71;71;3695;4700;2960;4700 4005 2960 3758 3052;3694.2 3694.4 3694.4 3694.4 3694.4 3694.4 3694.4 3694.4 3694.4 3694.4 3694.4 3694.4 3694.4 3694.4 3694.4 3694.4 3694.4 3694.4 3694.4 3694.4 3694.4 3694.4 3694.4 3694.4 3694.6 3694.6 3694.6 3694.6 3694.6 3694.6 3694.6 3694.6 3694.6 3694.6 3694.6 3694.6 3694.6 3694.6 3694.6 3694.6 3694.6 3694.6 3694.6 3694.6 3694.6 3694.6 3694.6 3694.6 3694.8 3694.8 3694.8 3694.8 3694.8 3694.8 3694.8 3694.8 3694.8 3694.8 3694.8 3694.8 3694.8 3694.8 3694.8 3694.8 3694.8 3694.8 3694.8 3694.8 3694.8 3694.8 3694.8;4700 4700 4700 4700 4700 4700 4700 4700 4700 4700 4700 4700 4700 4700 4700 4700 4700 4700 4700 4700 4700 4700 4700 4700 4700 4700 4700 4700 4700 4700 4700 4700 4700 4700 4700 4700 4700 4700 4700 4700 4700 4700 4700 4700 4700 4700 4700 4700 4700 4700 4700 4700 4700 4700 4700 4700 4700 4700 4700 4700 4700 4700 4700 4700 4700 4700 4700 4700 4700 4700 4700;2959 2959 2959 2959 2959 2959 2959 2959 2959 2959 2959 2959 2959 2959 2959 2959 2959 2959 2959 2959 2959 2959 2959 2959 2959 2959 2959 2959 2959 2959 2959 2959 2959 2959 2959 2959 2959 2959 2959 2959 2959 2959 2959 2959 2959 2959 2959 2959 2959 2959 2959 2959 2959 2959 2959 2959 2959 2959 2959 2959 2959 2959 2959 2959 2959 2959 2959 2959 2959 2959 2959;643.0687055050961 642.8684468847417 642.8684468847417 642.8684468847417 642.8684468847417 642.8684468847417 642.8684468847417 642.8684468847417 642.8684468847417 642.8684468847417 642.8684468847417 642.8684468847417 642.8684468847417 642.8684468847417 642.8684468847417 642.8684468847417 642.8684468847417 642.8684468847417 642.8684468847417 642.8684468847417 642.8684468847417 642.8684468847417 642.8684468847417 642.8684468847417 642.8880462413343 642.8880462413343 642.8880462413343 642.8880462413343 642.8880462413343 642.8880462413343 642.8880462413343 642.8880462413343 642.8880462413343 642.8880462413343 642.8880462413343 642.8880462413343 642.8880462413343 642.8880462413343 642.8880462413343 642.8880462413343 642.8880462413343 642.8880462413343 642.8880462413343 642.8880462413343 642.8880462413343 642.8880462413343 642.8880462413343 642.8880462413343 642.687918044209 642.687918044209 642.687918044209 642.687918044209 642.687918044209 642.687918044209 642.687918044209 642.687918044209 642.687918044209 642.687918044209 642.687918044209 642.687918044209 642.687918044209 642.687918044209 642.687918044209 642.687918044209 642.687918044209 642.687918044209 642.687918044209 642.687918044209 642.687918044209 642.687918044209 642.687918044209;642.459025930837;"[[4700,4700,4700,4700,4700,4700,4700,4700,4700,4700,4700,4700,4700,4700,4700,4700,4700,4700,4700,4700,4700,4700,4700,4700,4700,4700,4700,4700,4700,4700,4700,4700,4700,4700,4700,4700,4700,4700,4700,4700,4700,4700,4700,4700,4700,4700,4700,4700,4700,4700,4700,4700,4700,4700,4700,4700,4700,4700,4700,4700,4700,4700,4700,4700,4700,4700,4700,4700,4700,4700,4700],[4005,4005,4005,4005,4005,4005,4005,4005,4005,4005,4005,4005,4005,4005,4005,4005,4005,4005,4005,4005,4005,4005,4005,4005,4005,4005,4005,4005,4005,4005,4005,4005,4005,4005,4005,4005,4005,4005,4005,4005,4005,4005,4005,4005,4005,4005,4005,4005,4005,4005,4005,4005,4005,4005,4005,4005,4005,4005,4005,4005,4005,4005,4005,4005,4005,4005,4005,4005,4005,4005,4005],[2959,2959,2959,2959,2959,2959,2959,2959,2959,2959,2959,2959,2959,2959,2959,2959,2959,2959,2959,2959,2959,2959,2959,2959,2959,2959,2959,2959,2959,2959,2959,2959,2959,2959,2959,2959,2959,2959,2959,2959,2959,2959,2959,2959,2959,2959,2959,2959,2959,2959,2959,2959,2959,2959,2959,2959,2959,2959,2959,2959,2959,2959,2959,2959,2959,2959,2959,2959,2959,2959,2959],[3757,3757,3757,3757,3757,3757,3757,3757,3757,3757,3757,3757,3757,3757,3757,3757,3757,3757,3757,3757,3757,3757,3757,3757,3758,3758,3758,3758,3758,3758,3758,3758,3758,3758,3758,3758,3758,3758,3758,3758,3758,3758,3758,3758,3758,3758,3758,3758,3758,3758,3758,3758,3758,3758,3758,3758,3758,3758,3758,3758,3758,3758,3758,3758,3758,3758,3758,3758,3758,3758,3758],[3050,3051,3051,3051,3051,3051,3051,3051,3051,3051,3051,3051,3051,3051,3051,3051,3051,3051,3051,3051,3051,3051,3051,3051,3051,3051,3051,3051,3051,3051,3051,3051,3051,3051,3051,3051,3051,3051,3051,3051,3051,3051,3051,3051,3051,3051,3051,3051,3052,3052,3052,3052,3052,3052,3052,3052,3052,3052,3052,3052,3052,3052,3052,3052,3052,3052,3052,3052,3052,3052,3052]]"
interactive-discover-3;1;false;;0;d530ff9771c704dd461c13ed95124d61;178;178;178;0;5;67;67;67;2468.6;2788;2232;2559 2431 2333 2232 2788;2467.6 2467.6 2467.6 2467.6 2467.6 2467.6 2467.6 2467.6 2467.6 2467.6 2467.6 2467.6 2467.6 2467.6 2467.8 2467.8 2467.8 2467.8 2467.8 2467.8 2467.8 2467.8 2467.8 2467.8 2467.8 2467.8 2467.8 2467.8 2467.8 2467.8 2467.8 2467.8 2467.8 2467.8 2467.8 2467.8 2467.8 2468 2468 2468 2468 2468 2468 2468 2468 2468 2468 2468 2468 2468 2468 2468 2468 2468 2468 2468.2 2468.2 2468.2 2468.2 2468.2 2468.2 2468.2 2468.2 2468.2 2468.2 2468.4 2468.4;2788 2788 2788 2788 2788 2788 2788 2788 2788 2788 2788 2788 2788 2788 2788 2788 2788 2788 2788 2788 2788 2788 2788 2788 2788 2788 2788 2788 2788 2788 2788 2788 2788 2788 2788 2788 2788 2788 2788 2788 2788 2788 2788 2788 2788 2788 2788 2788 2788 2788 2788 2788 2788 2788 2788 2788 2788 2788 2788 2788 2788 2788 2788 2788 2788 2788 2788;2229 2229 2229 2229 2229 2229 2229 2229 2229 2229 2229 2229 2229 2229 2230 2230 2230 2230 2230 2230 2230 2230 2230 2230 2230 2230 2230 2230 2230 2230 2230 2230 2230 2230 2230 2230 2230 2230 2230 2230 2230 2230 2230 2230 2230 2230 2230 2230 2230 2230 2230 2230 2230 2230 2230 2231 2231 2231 2231 2231 2231 2231 2231 2231 2231 2232 2232;193.77368242359438 193.77368242359438 193.77368242359438 193.77368242359438 193.77368242359438 193.77368242359438 193.77368242359438 193.77368242359438 193.77368242359438 193.77368242359438 193.77368242359438 193.77368242359438 193.77368242359438 193.77368242359438 193.5276724398865 193.5276724398865 193.5276724398865 193.5276724398865 193.5276724398865 193.5276724398865 193.5276724398865 193.5276724398865 193.5276724398865 193.5276724398865 193.5276724398865 193.5276724398865 193.5276724398865 193.5276724398865 193.5276724398865 193.5276724398865 193.5276724398865 193.5276724398865 193.5276724398865 193.5276724398865 193.5276724398865 193.5276724398865 193.5276724398865 193.3876935071102 193.3876935071102 193.3876935071102 193.3876935071102 193.3876935071102 193.3876935071102 193.3876935071102 193.3876935071102 193.3876935071102 193.3876935071102 193.3876935071102 193.3876935071102 193.3876935071102 193.3876935071102 193.3876935071102 193.3876935071102 193.3876935071102 193.3876935071102 193.14181318399181 193.14181318399181 193.14181318399181 193.14181318399181 193.14181318399181 193.14181318399181 193.14181318399181 193.14181318399181 193.14181318399181 193.14181318399181 192.89644890458715 192.89644890458715;192.85704550262093;"[[2559,2559,2559,2559,2559,2559,2559,2559,2559,2559,2559,2559,2559,2559,2559,2559,2559,2559,2559,2559,2559,2559,2559,2559,2559,2559,2559,2559,2559,2559,2559,2559,2559,2559,2559,2559,2559,2559,2559,2559,2559,2559,2559,2559,2559,2559,2559,2559,2559,2559,2559,2559,2559,2559,2559,2559,2559,2559,2559,2559,2559,2559,2559,2559,2559,2559,2559],[2430,2430,2430,2430,2430,2430,2430,2430,2430,2430,2430,2430,2430,2430,2430,2430,2430,2430,2430,2430,2430,2430,2430,2430,2430,2430,2430,2430,2430,2430,2430,2430,2430,2430,2430,2430,2430,2430,2430,2430,2430,2430,2430,2430,2430,2430,2430,2430,2430,2430,2430,2430,2430,2430,2430,2430,2430,2430,2430,2430,2430,2430,2430,2430,2430,2430,2430],[2332,2332,2332,2332,2332,2332,2332,2332,2332,2332,2332,2332,2332,2332,2332,2332,2332,2332,2332,2332,2332,2332,2332,2332,2332,2332,2332,2332,2332,2332,2332,2332,2332,2332,2332,2332,2332,2333,2333,2333,2333,2333,2333,2333,2333,2333,2333,2333,2333,2333,2333,2333,2333,2333,2333,2333,2333,2333,2333,2333,2333,2333,2333,2333,2333,2333,2333],[2229,2229,2229,2229,2229,2229,2229,2229,2229,2229,2229,2229,2229,2229,2230,2230,2230,2230,2230,2230,2230,2230,2230,2230,2230,2230,2230,2230,2230,2230,2230,2230,2230,2230,2230,2230,2230,2230,2230,2230,2230,2230,2230,2230,2230,2230,2230,2230,2230,2230,2230,2230,2230,2230,2230,2231,2231,2231,2231,2231,2231,2231,2231,2231,2231,2232,2232],[2788,2788,2788,2788,2788,2788,2788,2788,2788,2788,2788,2788,2788,2788,2788,2788,2788,2788,2788,2788,2788,2788,2788,2788,2788,2788,2788,2788,2788,2788,2788,2788,2788,2788,2788,2788,2788,2788,2788,2788,2788,2788,2788,2788,2788,2788,2788,2788,2788,2788,2788,2788,2788,2788,2788,2788,2788,2788,2788,2788,2788,2788,2788,2788,2788,2788,2788]]"
interactive-discover-3;2;false;;0;f5163cb91864e0c46c72cbb87d71e580;127;127;127;0;5;55;55;55;1665.2;1843;1446;1843 1720 1446 1748 1569;1664.4 1664.6 1664.6 1664.6 1664.6 1664.6 1664.6 1664.6 1664.6 1664.6 1664.6 1664.6 1664.6 1664.6 1664.6 1664.6 1664.6 1664.6 1664.6 1664.6 1664.8 1664.8 1664.8 1664.8 1664.8 1664.8 1664.8 1664.8 1664.8 1664.8 1664.8 1664.8 1664.8 1664.8 1664.8 1664.8 1664.8 1664.8 1664.8 1664.8 1664.8 1664.8 1664.8 1664.8 1664.8 1665 1665 1665 1665 1665 1665 1665.2 1665.2 1665.2 1665.2;1842 1842 1842 1842 1842 1842 1842 1842 1842 1842 1842 1842 1842 1842 1842 1842 1842 1842 1842 1842 1843 1843 1843 1843 1843 1843 1843 1843 1843 1843 1843 1843 1843 1843 1843 1843 1843 1843 1843 1843 1843 1843 1843 1843 1843 1843 1843 1843 1843 1843 1843 1843 1843 1843 1843;1446 1446 1446 1446 1446 1446 1446 1446 1446 1446 1446 1446 1446 1446 1446 1446 1446 1446 1446 1446 1446 1446 1446 1446 1446 1446 1446 1446 1446 1446 1446 1446 1446 1446 1446 1446 1446 1446 1446 1446 1446 1446 1446 1446 1446 1446 1446 1446 1446 1446 1446 1446 1446 1446 1446;140.24065031224006 140.10367589752954 140.10367589752954 140.10367589752954 140.10367589752954 140.10367589752954 140.10367589752954 140.10367589752954 140.10367589752954 140.10367589752954 140.10367589752954 140.10367589752954 140.10367589752954 140.10367589752954 140.10367589752954 140.10367589752954 140.10367589752954 140.10367589752954 140.10367589752954 140.10367589752954 140.3572584514246 140.3572584514246 140.3572584514246 140.3572584514246 140.3572584514246 140.3572584514246 140.3572584514246 140.3572584514246 140.3572584514246 140.3572584514246 140.3572584514246 140.3572584514246 140.3572584514246 140.3572584514246 140.3572584514246 140.3572584514246 140.3572584514246 140.3572584514246 140.3572584514246 140.3572584514246 140.3572584514246 140.3572584514246 140.3572584514246 140.3572584514246 140.3572584514246 140.43503836293846 140.43503836293846 140.43503836293846 140.43503836293846 140.43503836293846 140.43503836293846 140.5523390057953 140.5523390057953 140.5523390057953 140.5523390057953;140.5523390057953;"[[1842,1842,1842,1842,1842,1842,1842,1842,1842,1842,1842,1842,1842,1842,1842,1842,1842,1842,1842,1842,1843,1843,1843,1843,1843,1843,1843,1843,1843,1843,1843,1843,1843,1843,1843,1843,1843,1843,1843,1843,1843,1843,1843,1843,1843,1843,1843,1843,1843,1843,1843,1843,1843,1843,1843],[1719,1719,1719,1719,1719,1719,1719,1719,1719,1719,1719,1719,1719,1719,1719,1719,1719,1719,1719,1719,1719,1719,1719,1719,1719,1719,1719,1719,1719,1719,1719,1719,1719,1719,1719,1719,1719,1719,1719,1719,1719,1719,1719,1719,1719,1720,1720,1720,1720,1720,1720,1720,1720,1720,1720],[1446,1446,1446,1446,1446,1446,1446,1446,1446,1446,1446,1446,1446,1446,1446,1446,1446,1446,1446,1446,1446,1446,1446,1446,1446,1446,1446,1446,1446,1446,1446,1446,1446,1446,1446,1446,1446,1446,1446,1446,1446,1446,1446,1446,1446,1446,1446,1446,1446,1446,1446,1446,1446,1446,1446],[1747,1747,1747,1747,1747,1747,1747,1747,1747,1747,1747,1747,1747,1747,1747,1747,1747,1747,1747,1747,1747,1747,1747,1747,1747,1747,1747,1747,1747,1747,1747,1747,1747,1747,1747,1747,1747,1747,1747,1747,1747,1747,1747,1747,1747,1747,1747,1747,1747,1747,1747,1748,1748,1748,1748],[1568,1569,1569,1569,1569,1569,1569,1569,1569,1569,1569,1569,1569,1569,1569,1569,1569,1569,1569,1569,1569,1569,1569,1569,1569,1569,1569,1569,1569,1569,1569,1569,1569,1569,1569,1569,1569,1569,1569,1569,1569,1569,1569,1569,1569,1569,1569,1569,1569,1569,1569,1569,1569,1569,1569]]"
interactive-discover-3;3;false;;0;b06e483e5dad42273e4331741e73598b;236;236;236;0;5;203;203;203;4250.4;5135;3624;4067 3624 5135 4750 3676;4247 4247 4247 4247 4247.2 4247.2 4247.2 4247.2 4247.2 4247.2 4247.2 4247.2 4247.2 4247.2 4247.2 4247.2 4247.2 4247.2 4247.2 4247.2 4247.2 4247.2 4247.2 4247.2 4247.2 4247.2 4247.2 4247.2 4247.2 4247.2 4247.2 4247.4 4247.4 4247.4 4247.4 4247.4 4247.4 4247.4 4247.4 4247.4 4247.4 4247.4 4247.4 4247.4 4247.4 4247.6 4247.8 4247.8 4247.8 4247.8 4247.8 4247.8 4248 4248 4248.2 4248.2 4248.2 4248.2 4248.2 4248.2 4248.2 4248.2 4248.2 4248.2 4248.2 4248.2 4248.2 4248.2 4248.2 4248.2 4248.2 4248.2 4248.2 4248.4 4248.4 4248.4 4248.4 4248.4 4248.4 4248.4 4248.4 4248.4 4248.4 4248.4 4248.4 4248.4 4248.4 4248.4 4248.4 4248.4 4248.4 4248.4 4248.4 4248.4 4248.4 4248.4 4248.4 4248.6 4248.6 4248.6 4248.6 4248.8 4248.8 4249 4249 4249 4249 4249 4249 4249 4249 4249 4249 4249 4249 4249 4249 4249 4249 4249 4249 4249 4249 4249 4249 4249 4249 4249 4249 4249 4249 4249 4249 4249.2 4249.2 4249.2 4249.2 4249.2 4249.2 4249.2 4249.2 4249.2 4249.2 4249.2 4249.4 4249.4 4249.4 4249.4 4249.4 4249.4 4249.4 4249.4 4249.4 4249.4 4249.4 4249.4 4249.4 4249.4 4249.4 4249.4 4249.6 4249.6 4249.8 4249.8 4249.8 4250 4250 4250 4250 4250 4250 4250 4250 4250 4250 4250 4250 4250 4250 4250 4250 4250 4250 4250 4250.2 4250.2 4250.2 4250.2 4250.2 4250.2 4250.2 4250.2 4250.2 4250.2 4250.2 4250.2 4250.2 4250.2 4250.2 4250.2 4250.2 4250.2 4250.2;5133 5133 5133 5133 5133 5133 5133 5133 5133 5133 5133 5133 5133 5133 5133 5133 5133 5133 5133 5133 5133 5133 5133 5133 5133 5133 5133 5133 5133 5133 5133 5133 5133 5133 5133 5133 5133 5133 5133 5133 5133 5133 5133 5133 5133 5134 5134 5134 5134 5134 5134 5134 5134 5134 5134 5134 5134 5134 5134 5134 5134 5134 5134 5134 5134 5134 5134 5134 5134 5134 5134 5134 5134 5134 5134 5134 5134 5134 5134 5134 5134 5134 5134 5134 5134 5134 5134 5134 5134 5134 5134 5134 5134 5134 5134 5134 5134 5134 5134 5134 5134 5134 5134 5134 5134 5134 5134 5134 5134 5134 5134 5134 5134 5134 5134 5134 5134 5134 5134 5134 5134 5134 5134 5134 5134 5134 5134 5134 5134 5134 5134 5134 5134 5135 5135 5135 5135 5135 5135 5135 5135 5135 5135 5135 5135 5135 5135 5135 5135 5135 5135 5135 5135 5135 5135 5135 5135 5135 5135 5135 5135 5135 5135 5135 5135 5135 5135 5135 5135 5135 5135 5135 5135 5135 5135 5135 5135 5135 5135 5135 5135 5135 5135 5135 5135 5135 5135 5135 5135 5135 5135 5135 5135 5135 5135 5135 5135 5135 5135 5135 5135 5135 5135;3621 3621 3621 3621 3621 3621 3621 3621 3621 3621 3621 3621 3621 3621 3621 3621 3621 3621 3621 3621 3621 3621 3621 3621 3621 3621 3621 3621 3621 3621 3621 3621 3621 3621 3621 3621 3621 3621 3621 3621 3621 3621 3621 3621 3621 3621 3622 3622 3622 3622 3622 3622 3622 3622 3622 3622 3622 3622 3622 3622 3622 3622 3622 3622 3622 3622 3622 3622 3622 3622 3622 3622 3622 3622 3622 3622 3622 3622 3622 3622 3622 3622 3622 3622 3622 3622 3622 3622 3622 3622 3622 3622 3622 3622 3622 3622 3622 3623 3623 3623 3623 3623 3623 3623 3623 3623 3623 3623 3623 3623 3623 3623 3623 3623 3623 3623 3623 3623 3623 3623 3623 3623 3623 3623 3623 3623 3623 3623 3623 3623 3623 3623 3623 3623 3623 3623 3623 3623 3623 3623 3623 3623 3623 3623 3623 3623 3623 3623 3623 3623 3623 3623 3623 3623 3623 3623 3623 3623 3623 3623 3624 3624 3624 3624 3624 3624 3624 3624 3624 3624 3624 3624 3624 3624 3624 3624 3624 3624 3624 3624 3624 3624 3624 3624 3624 3624 3624 3624 3624 3624 3624 3624 3624 3624 3624 3624 3624 3624 3624 3624 3624 3624 3624;598.847893876233 598.847893876233 598.847893876233 598.847893876233 598.7859049777308 598.7859049777308 598.7859049777308 598.7859049777308 598.7859049777308 598.7859049777308 598.7859049777308 598.7859049777308 598.7859049777308 598.7859049777308 598.7859049777308 598.7859049777308 598.7859049777308 598.7859049777308 598.7859049777308 598.7859049777308 598.7859049777308 598.7859049777308 598.7859049777308 598.7859049777308 598.7859049777308 598.7859049777308 598.7859049777308 598.7859049777308 598.7859049777308 598.7859049777308 598.7859049777308 598.5938857021512 598.5938857021512 598.5938857021512 598.5938857021512 598.5938857021512 598.5938857021512 598.5938857021512 598.5938857021512 598.5938857021512 598.5938857021512 598.5938857021512 598.5938857021512 598.5938857021512 598.5938857021512 598.8898396199421 598.6806828351822 598.6806828351822 598.6806828351822 598.6806828351822 598.6806828351822 598.6806828351822 598.847893876233 598.847893876233 598.7859049777308 598.7859049777308 598.7859049777308 598.7859049777308 598.7859049777308 598.7859049777308 598.7859049777308 598.7859049777308 598.7859049777308 598.7859049777308 598.7859049777308 598.7859049777308 598.7859049777308 598.7859049777308 598.7859049777308 598.7859049777308 598.7859049777308 598.7859049777308 598.7859049777308 598.5938857021512 598.5938857021512 598.5938857021512 598.5938857021512 598.5938857021512 598.5938857021512 598.5938857021512 598.5938857021512 598.5938857021512 598.5938857021512 598.5938857021512 598.5938857021512 598.5938857021512 598.5938857021512 598.5938857021512 598.5938857021512 598.5938857021512 598.5938857021512 598.5938857021512 598.5938857021512 598.5938857021512 598.5938857021512 598.5938857021512 598.5938857021512 598.3846923175759 598.3846923175759 598.3846923175759 598.3846923175759 598.3227891364327 598.3227891364327 598.1307549357415 598.1307549357415 598.1307549357415 598.1307549357415 598.1307549357415 598.1307549357415 598.1307549357415 598.1307549357415 598.1307549357415 598.1307549357415 598.1307549357415 598.1307549357415 598.1307549357415 598.1307549357415 598.1307549357415 598.1307549357415 598.1307549357415 598.1307549357415 598.1307549357415 598.1307549357415 598.1307549357415 598.1307549357415 598.1307549357415 598.1307549357415 598.1307549357415 598.1307549357415 598.1307549357415 598.1307549357415 598.1307549357415 598.1307549357415 598.4267373705825 598.4267373705825 598.4267373705825 598.4267373705825 598.4267373705825 598.4267373705825 598.4267373705825 598.4267373705825 598.4267373705825 598.4267373705825 598.4267373705825 598.3649722368448 598.3649722368448 598.3649722368448 598.3649722368448 598.3649722368448 598.3649722368448 598.3649722368448 598.3649722368448 598.3649722368448 598.3649722368448 598.3649722368448 598.3649722368448 598.3649722368448 598.3649722368448 598.3649722368448 598.3649722368448 598.1556987942187 598.1556987942187 598.0941063076947 598.0941063076947 598.0941063076947 597.901998658643 597.901998658643 597.901998658643 597.901998658643 597.901998658643 597.901998658643 597.901998658643 597.901998658643 597.901998658643 597.901998658643 597.901998658643 597.901998658643 597.901998658643 597.901998658643 597.901998658643 597.901998658643 597.901998658643 597.901998658643 597.901998658643 598.0690261165513 598.0690261165513 598.0690261165513 598.0690261165513 598.0690261165513 598.0690261165513 598.0690261165513 598.0690261165513 598.0690261165513 598.0690261165513 598.0690261165513 598.0690261165513 598.0690261165513 598.0690261165513 598.0690261165513 598.0690261165513 598.0690261165513 598.0690261165513 598.0690261165513;598.00755848066;"[[4061,4061,4061,4061,4062,4062,4062,4062,4062,4062,4062,4062,4062,4062,4062,4062,4062,4062,4062,4062,4062,4062,4062,4062,4062,4062,4062,4062,4062,4062,4062,4062,4062,4062,4062,4062,4062,4062,4062,4062,4062,4062,4062,4062,4062,4062,4062,4062,4062,4062,4062,4062,4062,4062,4063,4063,4063,4063,4063,4063,4063,4063,4063,4063,4063,4063,4063,4063,4063,4063,4063,4063,4063,4063,4063,4063,4063,4063,4063,4063,4063,4063,4063,4063,4063,4063,4063,4063,4063,4063,4063,4063,4063,4063,4063,4063,4063,4063,4063,4063,4063,4064,4064,4064,4064,4064,4064,4064,4064,4064,4064,4064,4064,4064,4064,4064,4064,4064,4064,4064,4064,4064,4064,4064,4064,4064,4064,4064,4064,4064,4064,4064,4064,4064,4064,4064,4064,4064,4064,4064,4064,4064,4064,4064,4065,4065,4065,4065,4065,4065,4065,4065,4065,4065,4065,4065,4065,4065,4065,4065,4065,4065,4066,4066,4066,4066,4066,4066,4066,4066,4066,4066,4066,4066,4066,4066,4066,4066,4066,4066,4066,4066,4066,4066,4066,4066,4066,4066,4066,4066,4066,4066,4066,4066,4066,4066,4066,4066,4066,4066,4066,4066,4066],[3621,3621,3621,3621,3621,3621,3621,3621,3621,3621,3621,3621,3621,3621,3621,3621,3621,3621,3621,3621,3621,3621,3621,3621,3621,3621,3621,3621,3621,3621,3621,3621,3621,3621,3621,3621,3621,3621,3621,3621,3621,3621,3621,3621,3621,3621,3622,3622,3622,3622,3622,3622,3622,3622,3622,3622,3622,3622,3622,3622,3622,3622,3622,3622,3622,3622,3622,3622,3622,3622,3622,3622,3622,3622,3622,3622,3622,3622,3622,3622,3622,3622,3622,3622,3622,3622,3622,3622,3622,3622,3622,3622,3622,3622,3622,3622,3622,3623,3623,3623,3623,3623,3623,3623,3623,3623,3623,3623,3623,3623,3623,3623,3623,3623,3623,3623,3623,3623,3623,3623,3623,3623,3623,3623,3623,3623,3623,3623,3623,3623,3623,3623,3623,3623,3623,3623,3623,3623,3623,3623,3623,3623,3623,3623,3623,3623,3623,3623,3623,3623,3623,3623,3623,3623,3623,3623,3623,3623,3623,3623,3624,3624,3624,3624,3624,3624,3624,3624,3624,3624,3624,3624,3624,3624,3624,3624,3624,3624,3624,3624,3624,3624,3624,3624,3624,3624,3624,3624,3624,3624,3624,3624,3624,3624,3624,3624,3624,3624,3624,3624,3624,3624,3624],[5133,5133,5133,5133,5133,5133,5133,5133,5133,5133,5133,5133,5133,5133,5133,5133,5133,5133,5133,5133,5133,5133,5133,5133,5133,5133,5133,5133,5133,5133,5133,5133,5133,5133,5133,5133,5133,5133,5133,5133,5133,5133,5133,5133,5133,5134,5134,5134,5134,5134,5134,5134,5134,5134,5134,5134,5134,5134,5134,5134,5134,5134,5134,5134,5134,5134,5134,5134,5134,5134,5134,5134,5134,5134,5134,5134,5134,5134,5134,5134,5134,5134,5134,5134,5134,5134,5134,5134,5134,5134,5134,5134,5134,5134,5134,5134,5134,5134,5134,5134,5134,5134,5134,5134,5134,5134,5134,5134,5134,5134,5134,5134,5134,5134,5134,5134,5134,5134,5134,5134,5134,5134,5134,5134,5134,5134,5134,5134,5134,5134,5134,5134,5134,5135,5135,5135,5135,5135,5135,5135,5135,5135,5135,5135,5135,5135,5135,5135,5135,5135,5135,5135,5135,5135,5135,5135,5135,5135,5135,5135,5135,5135,5135,5135,5135,5135,5135,5135,5135,5135,5135,5135,5135,5135,5135,5135,5135,5135,5135,5135,5135,5135,5135,5135,5135,5135,5135,5135,5135,5135,5135,5135,5135,5135,5135,5135,5135,5135,5135,5135,5135,5135,5135],[4748,4748,4748,4748,4748,4748,4748,4748,4748,4748,4748,4748,4748,4748,4748,4748,4748,4748,4748,4748,4748,4748,4748,4748,4748,4748,4748,4748,4748,4748,4748,4748,4748,4748,4748,4748,4748,4748,4748,4748,4748,4748,4748,4748,4748,4748,4748,4748,4748,4748,4748,4748,4749,4749,4749,4749,4749,4749,4749,4749,4749,4749,4749,4749,4749,4749,4749,4749,4749,4749,4749,4749,4749,4749,4749,4749,4749,4749,4749,4749,4749,4749,4749,4749,4749,4749,4749,4749,4749,4749,4749,4749,4749,4749,4749,4749,4749,4749,4749,4749,4749,4749,4749,4749,4749,4749,4749,4749,4749,4749,4749,4749,4749,4749,4749,4749,4749,4749,4749,4749,4749,4749,4749,4749,4749,4749,4749,4749,4749,4749,4749,4749,4749,4749,4749,4749,4749,4749,4749,4749,4749,4749,4749,4749,4749,4749,4749,4749,4749,4749,4749,4749,4749,4749,4749,4749,4749,4749,4749,4749,4749,4749,4749,4749,4749,4749,4749,4749,4749,4749,4749,4749,4749,4749,4749,4749,4749,4749,4749,4749,4749,4749,4749,4749,4750,4750,4750,4750,4750,4750,4750,4750,4750,4750,4750,4750,4750,4750,4750,4750,4750,4750,4750],[3672,3672,3672,3672,3672,3672,3672,3672,3672,3672,3672,3672,3672,3672,3672,3672,3672,3672,3672,3672,3672,3672,3672,3672,3672,3672,3672,3672,3672,3672,3672,3673,3673,3673,3673,3673,3673,3673,3673,3673,3673,3673,3673,3673,3673,3673,3673,3673,3673,3673,3673,3673,3673,3673,3673,3673,3673,3673,3673,3673,3673,3673,3673,3673,3673,3673,3673,3673,3673,3673,3673,3673,3673,3674,3674,3674,3674,3674,3674,3674,3674,3674,3674,3674,3674,3674,3674,3674,3674,3674,3674,3674,3674,3674,3674,3674,3674,3674,3674,3674,3674,3674,3674,3675,3675,3675,3675,3675,3675,3675,3675,3675,3675,3675,3675,3675,3675,3675,3675,3675,3675,3675,3675,3675,3675,3675,3675,3675,3675,3675,3675,3675,3675,3675,3675,3675,3675,3675,3675,3675,3675,3675,3675,3675,3675,3675,3675,3675,3675,3675,3675,3675,3675,3675,3675,3675,3675,3675,3675,3675,3675,3675,3675,3675,3675,3676,3676,3676,3676,3676,3676,3676,3676,3676,3676,3676,3676,3676,3676,3676,3676,3676,3676,3676,3676,3676,3676,3676,3676,3676,3676,3676,3676,3676,3676,3676,3676,3676,3676,3676,3676,3676,3676]]"
interactive-discover-3;4;false;;0;20d5f7e2b4c95efcee3da988dbee7f16;196;196;196;0;5;142;142;142;3536;4523;2211;2211 3412 3540 4523 3994;3534.6 3534.6 3534.6 3534.6 3534.6 3534.6 3534.6 3534.6 3534.6 3534.6 3534.6 3534.6 3534.6 3534.6 3534.6 3534.6 3534.6 3534.6 3534.8 3534.8 3534.8 3534.8 3534.8 3534.8 3534.8 3534.8 3534.8 3534.8 3534.8 3534.8 3534.8 3534.8 3534.8 3534.8 3534.8 3534.8 3534.8 3534.8 3534.8 3534.8 3534.8 3534.8 3534.8 3534.8 3534.8 3534.8 3534.8 3534.8 3534.8 3534.8 3534.8 3534.8 3534.8 3534.8 3534.8 3534.8 3534.8 3534.8 3534.8 3534.8 3534.8 3534.8 3534.8 3534.8 3534.8 3534.8 3534.8 3534.8 3534.8 3534.8 3534.8 3534.8 3534.8 3534.8 3534.8 3534.8 3534.8 3534.8 3534.8 3534.8 3534.8 3534.8 3534.8 3534.8 3534.8 3534.8 3534.8 3534.8 3534.8 3535.2 3535.2 3535.2 3535.2 3535.2 3535.2 3535.2 3535.2 3535.2 3535.2 3535.2 3535.2 3535.4 3535.4 3535.4 3535.4 3535.4 3535.4 3535.4 3535.4 3535.4 3535.4 3535.4 3535.4 3535.4 3535.4 3535.4 3535.4 3535.4 3535.4 3535.4 3535.4 3535.4 3535.4 3535.4 3535.4 3535.4 3535.4 3535.4 3535.4 3535.4 3535.4 3535.6 3535.6 3535.6 3535.8 3535.8 3535.8 3535.8 3535.8 3535.8 3535.8 3536;4521 4521 4521 4521 4521 4521 4521 4521 4521 4521 4521 4521 4521 4521 4521 4521 4521 4521 4522 4522 4522 4522 4522 4522 4522 4522 4522 4522 4522 4522 4522 4522 4522 4522 4522 4522 4522 4522 4522 4522 4522 4522 4522 4522 4522 4522 4522 4522 4522 4522 4522 4522 4522 4522 4522 4522 4522 4522 4522 4522 4522 4522 4522 4522 4522 4522 4522 4522 4522 4522 4522 4522 4522 4522 4522 4522 4522 4522 4522 4522 4522 4522 4522 4522 4522 4522 4522 4522 4522 4522 4522 4522 4522 4522 4522 4522 4522 4522 4522 4522 4522 4522 4522 4522 4522 4522 4522 4522 4522 4522 4522 4522 4522 4522 4522 4522 4522 4522 4522 4522 4522 4522 4522 4522 4522 4522 4522 4522 4522 4522 4522 4522 4522 4522 4523 4523 4523 4523 4523 4523 4523 4523;2209 2209 2209 2209 2209 2209 2209 2209 2209 2209 2209 2209 2209 2209 2209 2209 2209 2209 2209 2209 2209 2209 2209 2209 2209 2209 2209 2209 2209 2209 2209 2209 2209 2209 2209 2209 2209 2209 2209 2209 2209 2209 2209 2209 2209 2209 2209 2209 2209 2209 2209 2209 2209 2209 2209 2209 2209 2209 2209 2209 2209 2209 2209 2209 2209 2209 2209 2209 2209 2209 2209 2209 2209 2209 2209 2209 2209 2209 2209 2209 2209 2209 2209 2209 2209 2209 2209 2209 2209 2210 2210 2210 2210 2210 2210 2210 2210 2210 2210 2210 2210 2211 2211 2211 2211 2211 2211 2211 2211 2211 2211 2211 2211 2211 2211 2211 2211 2211 2211 2211 2211 2211 2211 2211 2211 2211 2211 2211 2211 2211 2211 2211 2211 2211 2211 2211 2211 2211 2211 2211 2211 2211;768.8468247967212 768.8468247967212 768.8468247967212 768.8468247967212 768.8468247967212 768.8468247967212 768.8468247967212 768.8468247967212 768.8468247967212 768.8468247967212 768.8468247967212 768.8468247967212 768.8468247967212 768.8468247967212 768.8468247967212 768.8468247967212 768.8468247967212 768.8468247967212 769.103478083411 769.103478083411 769.103478083411 769.103478083411 769.103478083411 769.103478083411 769.103478083411 769.103478083411 769.103478083411 769.103478083411 769.103478083411 769.103478083411 769.103478083411 769.103478083411 769.103478083411 769.103478083411 769.103478083411 769.103478083411 769.103478083411 769.103478083411 769.103478083411 769.103478083411 769.103478083411 769.103478083411 769.103478083411 769.103478083411 769.103478083411 769.103478083411 769.103478083411 769.103478083411 769.103478083411 769.103478083411 769.103478083411 769.103478083411 769.103478083411 769.103478083411 769.103478083411 769.103478083411 769.103478083411 769.103478083411 769.103478083411 769.103478083411 769.103478083411 769.103478083411 769.103478083411 769.103478083411 769.103478083411 769.103478083411 769.103478083411 769.103478083411 769.103478083411 769.103478083411 769.103478083411 769.103478083411 769.103478083411 769.103478083411 769.103478083411 769.103478083411 769.103478083411 769.103478083411 769.103478083411 769.103478083411 769.103478083411 769.103478083411 769.103478083411 769.103478083411 769.103478083411 769.103478083411 769.103478083411 769.103478083411 769.103478083411 768.7598844892988 768.7598844892988 768.7598844892988 768.7598844892988 768.7598844892988 768.7598844892988 768.7598844892988 768.7598844892988 768.7598844892988 768.7598844892988 768.7598844892988 768.7598844892988 768.4151482109135 768.4151482109135 768.4151482109135 768.4151482109135 768.4151482109135 768.4151482109135 768.4151482109135 768.4151482109135 768.4151482109135 768.4151482109135 768.4151482109135 768.4151482109135 768.4151482109135 768.4151482109135 768.4151482109135 768.4151482109135 768.4151482109135 768.4151482109135 768.4151482109135 768.4151482109135 768.4151482109135 768.4151482109135 768.4151482109135 768.4151482109135 768.4151482109135 768.4151482109135 768.4151482109135 768.4151482109135 768.4151482109135 768.4151482109135 768.3828733125173 768.3828733125173 768.3828733125173 768.6396815153378 768.6396815153378 768.6396815153378 768.6396815153378 768.6396815153378 768.6396815153378 768.6396815153378 768.7587397877178;768.7587397877178;"[[2209,2209,2209,2209,2209,2209,2209,2209,2209,2209,2209,2209,2209,2209,2209,2209,2209,2209,2209,2209,2209,2209,2209,2209,2209,2209,2209,2209,2209,2209,2209,2209,2209,2209,2209,2209,2209,2209,2209,2209,2209,2209,2209,2209,2209,2209,2209,2209,2209,2209,2209,2209,2209,2209,2209,2209,2209,2209,2209,2209,2209,2209,2209,2209,2209,2209,2209,2209,2209,2209,2209,2209,2209,2209,2209,2209,2209,2209,2209,2209,2209,2209,2209,2209,2209,2209,2209,2209,2209,2210,2210,2210,2210,2210,2210,2210,2210,2210,2210,2210,2210,2211,2211,2211,2211,2211,2211,2211,2211,2211,2211,2211,2211,2211,2211,2211,2211,2211,2211,2211,2211,2211,2211,2211,2211,2211,2211,2211,2211,2211,2211,2211,2211,2211,2211,2211,2211,2211,2211,2211,2211,2211],[3411,3411,3411,3411,3411,3411,3411,3411,3411,3411,3411,3411,3411,3411,3411,3411,3411,3411,3411,3411,3411,3411,3411,3411,3411,3411,3411,3411,3411,3411,3411,3411,3411,3411,3411,3411,3411,3411,3411,3411,3411,3411,3411,3411,3411,3411,3411,3411,3411,3411,3411,3411,3411,3411,3411,3411,3411,3411,3411,3411,3411,3411,3411,3411,3411,3411,3411,3411,3411,3411,3411,3411,3411,3411,3411,3411,3411,3411,3411,3411,3411,3411,3411,3411,3411,3411,3411,3411,3411,3411,3411,3411,3411,3411,3411,3411,3411,3411,3411,3411,3411,3411,3411,3411,3411,3411,3411,3411,3411,3411,3411,3411,3411,3411,3411,3411,3411,3411,3411,3411,3411,3411,3411,3411,3411,3411,3411,3411,3411,3411,3411,3412,3412,3412,3412,3412,3412,3412,3412,3412,3412,3412],[3539,3539,3539,3539,3539,3539,3539,3539,3539,3539,3539,3539,3539,3539,3539,3539,3539,3539,3539,3539,3539,3539,3539,3539,3539,3539,3539,3539,3539,3539,3539,3539,3539,3539,3539,3539,3539,3539,3539,3539,3539,3539,3539,3539,3539,3539,3539,3539,3539,3539,3539,3539,3539,3539,3539,3539,3539,3539,3539,3539,3539,3539,3539,3539,3539,3539,3539,3539,3539,3539,3539,3539,3539,3539,3539,3539,3539,3539,3539,3539,3539,3539,3539,3539,3539,3539,3539,3539,3539,3540,3540,3540,3540,3540,3540,3540,3540,3540,3540,3540,3540,3540,3540,3540,3540,3540,3540,3540,3540,3540,3540,3540,3540,3540,3540,3540,3540,3540,3540,3540,3540,3540,3540,3540,3540,3540,3540,3540,3540,3540,3540,3540,3540,3540,3540,3540,3540,3540,3540,3540,3540,3540],[4521,4521,4521,4521,4521,4521,4521,4521,4521,4521,4521,4521,4521,4521,4521,4521,4521,4521,4522,4522,4522,4522,4522,4522,4522,4522,4522,4522,4522,4522,4522,4522,4522,4522,4522,4522,4522,4522,4522,4522,4522,4522,4522,4522,4522,4522,4522,4522,4522,4522,4522,4522,4522,4522,4522,4522,4522,4522,4522,4522,4522,4522,4522,4522,4522,4522,4522,4522,4522,4522,4522,4522,4522,4522,4522,4522,4522,4522,4522,4522,4522,4522,4522,4522,4522,4522,4522,4522,4522,4522,4522,4522,4522,4522,4522,4522,4522,4522,4522,4522,4522,4522,4522,4522,4522,4522,4522,4522,4522,4522,4522,4522,4522,4522,4522,4522,4522,4522,4522,4522,4522,4522,4522,4522,4522,4522,4522,4522,4522,4522,4522,4522,4522,4522,4523,4523,4523,4523,4523,4523,4523,4523],[3993,3993,3993,3993,3993,3993,3993,3993,3993,3993,3993,3993,3993,3993,3993,3993,3993,3993,3993,3993,3993,3993,3993,3993,3993,3993,3993,3993,3993,3993,3993,3993,3993,3993,3993,3993,3993,3993,3993,3993,3993,3993,3993,3993,3993,3993,3993,3993,3993,3993,3993,3993,3993,3993,3993,3993,3993,3993,3993,3993,3993,3993,3993,3993,3993,3993,3993,3993,3993,3993,3993,3993,3993,3993,3993,3993,3993,3993,3993,3993,3993,3993,3993,3993,3993,3993,3993,3993,3993,3993,3993,3993,3993,3993,3993,3993,3993,3993,3993,3993,3993,3993,3993,3993,3993,3993,3993,3993,3993,3993,3993,3993,3993,3993,3993,3993,3993,3993,3993,3993,3993,3993,3993,3993,3993,3993,3993,3993,3993,3993,3993,3993,3993,3993,3993,3993,3993,3993,3993,3993,3993,3994]]"
interactive-discover-4;0;false;;0;3112eede040aaa01aedc457789eed356;67;67;67;0;5;5;5;5;1484;2262;1080;1488 1177 1413 1080 2262;1483.6 1483.6 1483.6 1483.8 1483.8;2261 2261 2261 2262 2262;1080 1080 1080 1080 1080;416.3808833267925 416.3808833267925 416.3808833267925 416.7543161144225 416.7543161144225;416.6067690280608;"[[1488,1488,1488,1488,1488],[1176,1176,1176,1176,1176],[1413,1413,1413,1413,1413],[1080,1080,1080,1080,1080],[2261,2261,2261,2262,2262]]"
interactive-discover-4;1;false;;0;cd6f381a6281527b1dbda2f21a1a702a;54;54;54;0;5;3;3;3;591.4;696;515;593 515 628 696 525;591.4 591.4 591.4;696 696 696;515 515 515;67.12555400143823 67.12555400143823 67.12555400143823;67.12555400143823;"[[593,593,593],[515,515,515],[628,628,628],[696,696,696],[525,525,525]]"
interactive-discover-4;2;false;;0;ed1ebad4adf97e9e94be0ca88af2d8bb;47;47;47;0;5;3;3;3;449;571;314;505 571 371 484 314;448.6 448.6 448.6;571 571 571;314 314 314;93.13774744967799 93.13774744967799 93.13774744967799;93.33166665178544;"[[504,504,504],[571,571,571],[371,371,371],[483,483,483],[314,314,314]]"
interactive-discover-4;3;false;;0;16a10be88d7ff874026ce66a4e993ecb;35;35;35;0;5;3;3;3;877.4;1115;510;510 1115 704 1024 1034;877.4 877.4 877.4;1115 1115 1115;510 510 510;231.3089708593249 231.3089708593249 231.3089708593249;231.3089708593249;"[[510,510,510],[1115,1115,1115],[704,704,704],[1024,1024,1024],[1034,1034,1034]]"
interactive-discover-4;4;false;;0;d0ef3bb68aa278a8f97f329adee97dd8;65;65;65;0;5;7;7;7;1634.4;2742;1137;2742 1226 1359 1708 1137;1634.2 1634.2 1634.2 1634.2 1634.2 1634.4 1634.4;2742 2742 2742 2742 2742 2742 2742;1137 1137 1137 1137 1137 1137 1137;586.8715021195014 586.8715021195014 586.8715021195014 586.8715021195014 586.8715021195014 586.8964474249269 586.8964474249269;586.8964474249269;"[[2742,2742,2742,2742,2742,2742,2742],[1226,1226,1226,1226,1226,1226,1226],[1359,1359,1359,1359,1359,1359,1359],[1707,1707,1707,1707,1707,1708,1708],[1137,1137,1137,1137,1137,1137,1137]]"
interactive-discover-5;0;false;;0;cab888487e7572de37a55f0e8c3ec060;51;51;51;0;5;15;15;15;806.2;975;557;557 975 821 971 707;178.4 186.2 204.4 204.6 214.8 214.8 215.2 215.4 216.2 219.4 220.6 220.8 221.4 226.6 231.4;204 225 266 267 267 267 267 267 269 269 273 273 273 273 274;162 163 163 163 191 191 192 193 193 193 193 193 195 204 205;13.865064009949611 21.673947494630507 37.601063814738005 37.92940811560339 28.99241280059319 28.99241280059319 28.70121948628664 28.541899025818168 29.191779664830303 28.883213117657114 30.256239026025693 30.102491591228787 29.58783533819262 25.827117531772686 27.59420228961149;159.88295719056487;"[[176,177,266,267,267,267,267,267,269,269,273,273,273,273,274],[173,173,173,173,191,191,192,193,193,193,193,193,195,214,216],[177,193,194,194,194,194,194,194,195,203,204,204,204,204,205],[204,225,226,226,226,226,226,226,227,235,236,236,236,236,254],[162,163,163,163,196,196,197,197,197,197,197,198,199,206,208]]"
interactive-discover-5;1;false;;0;7fc43bb183e4fb0238576536413c6c45;50;50;50;0;5;3;3;3;667;1022;446;587 654 446 626 1022;108.6 527.2 591.4;140 809 914;91 352 392;17.07161386629864 152.4380529920269 174.0340196628234;191.37188926276502;"[[97,461,517],[104,528,588],[91,352,392],[111,486,546],[140,809,914]]"
interactive-discover-5;2;false;;0;2543010e761cb36b6f0c3e103e58af43;43;43;43;0;5;3;3;3;555.8;737;357;550 631 357 504 737;117.4 189.6 505.2;137 258 699;91 100 260;16.835676404587968 52.07917050030655 145.9005140498141;127.0643931241164;"[[106,193,516],[131,217,588],[91,100,260],[122,180,463],[137,258,699]]"
interactive-discover-5;3;false;;0;76fc6cfa5c07ff3011e9f2d7ac2ae7e0;30;30;30;0;5;4;4;4;476.4;635;283;513 283 343 635 608;100.4 117.6 174.6 208.6;124 188 196 230;66 67 137 181;23.174123500145587 41.40821174598101 21.6573313222105 21.481154531356083;140.72043206300924;"[[108,112,196,230],[66,67,137,184],[81,89,164,181],[124,132,187,222],[123,188,189,226]]"
interactive-discover-5;4;false;;0;880a30fb8a9114b4807acb78d9e7d141;45;45;45;0;5;20;20;20;910.6;1234;486;1020 873 486 1234 940;188.2 188.4 191 220 220 220.8 221 221.2 221.2 223.6 224.6 224.8 227.4 227.6 228.4 228.4 228.4 253.6 253.8 254.4;213 213 217 266 266 266 267 267 267 267 268 269 282 282 283 283 283 284 284 285;163 163 165 178 178 179 179 179 179 179 180 180 180 180 181 181 181 233 233 233;16.90443728729235 17.03643155123748 17.538529014715003 30.146309890266835 30.146309890266835 29.84225192575118 30.146309890266835 30.12241690170296 30.12241690170296 29.03515111033521 29.03515111033521 29.335302964176115 33.42813186524189 33.505820389896435 33.42813186524189 33.42813186524189 33.42813186524189 17.692936443677176 17.54308980767071 17.928747864811978;244.58912486044838;"[[199,200,202,216,216,217,217,218,218,218,219,219,219,219,220,220,220,240,241,241],[163,163,165,178,178,179,179,179,179,179,180,180,180,180,181,181,181,259,259,260],[181,181,184,266,266,266,267,267,267,267,268,269,282,282,283,283,283,284,284,285],[213,213,217,238,238,239,239,239,239,239,240,240,240,241,241,241,241,252,252,253],[185,185,187,202,202,203,203,203,203,215,216,216,216,216,217,217,217,233,233,233]]"
interactive-discover-6;0;true;Unexpected "!" at position 0 in state STOP;5;;;;;;5;0;0;0;0;0;0;NaN NaN NaN NaN NaN;503.8 520 528 528.6 640.6 669.8 715.4 992 1824.6 1825 1825.4 1825.8 1827 1828 1833.2 1837.2 1837.6 1843.6 1848.4 1854 1859.4 1865.2 1870 1886 1887.6 1888.2 1896.8 1899.2 1903.8 1910.6 1927 1927.6 1941.4;683 709 726 726 997 1143 1371 1383 4675 4675 4676 4676 4676 4677 4678 4681 4681 4682 4683 4683 4683 4684 4684 4684 4685 4685 4686 4686 4686 4686 4686 4687 4697;406 428 434 435 435 435 435 436 824 825 825 825 830 831 831 832 832 833 833 833 833 834 834 834 835 836 836 836 836 837 837 837 851;101.5566836796082 105.68443594020835 109.56094194556745 109.13404601681364 204.16522720580997 256.7250669490613 342.6091650846486 324.7540607906235 1438.403086759758 1438.1838547278996 1438.4645424896646 1438.287509505662 1437.5125738580514 1437.4772346023433 1435.0979618130605 1435.016571332889 1434.8216056360454 1431.9377919448875 1429.8863731080173 1426.886400523882 1424.0891264243262 1421.632638905002 1419.2550158445804 1411.7722195878484 1411.5049557121647 1411.1979875269099 1407.9497718313673 1406.943694680068 1405.0592015997047 1402.3031911822777 1396.3518181318059 1396.6111269784442 1394.8549171867303;NaN;"[[406,429,434,435,435,435,435,436,824,825,825,825,830,831,831,832,832,833,833,833,833,834,834,834,835,836,836,836,836,837,837,837,851],[683,709,726,726,727,727,727,924,993,993,994,995,995,997,1020,1022,1023,1051,1072,1100,1126,1152,1176,1256,1260,1261,1302,1314,1337,1370,1452,1454,1469],[544,558,564,564,564,564,564,979,4675,4675,4676,4676,4676,4677,4678,4681,4681,4682,4683,4683,4683,4684,4684,4684,4685,4685,4686,4686,4686,4686,4686,4687,4697],[422,428,437,438,997,1143,1371,1383,1383,1383,1383,1384,1384,1385,1386,1398,1398,1398,1399,1399,1399,1400,1400,1400,1401,1402,1402,1402,1402,1402,1402,1402,1420],[464,476,479,480,480,480,480,1238,1248,1249,1249,1249,1250,1250,1251,1253,1254,1254,1255,1255,1256,1256,1256,1256,1257,1257,1258,1258,1258,1258,1258,1258,1270]]"
interactive-discover-6;1;false;;0;cd3466cc43b32ce51d8f13d5516f2ef2;50;50;50;0;5;1;1;1;1545;4128;763;795 763 4128 1058 981;1013.2;1475;762;255.89482214378626;1296.2390211685497;"[[794],[762],[1475],[1056],[979]]"
interactive-discover-6;2;false;;0;29960679941029d6a70f26d6904d3728;43;43;43;0;5;1;1;1;686.2;876;389;389 719 876 596 851;275;388;204;64.14982462953425;179.2890403789367;"[[388],[228],[294],[204],[261]]"
interactive-discover-6;3;true;Unexpected "!" at position 0 in state STOP;5;;;;;;5;0;0;0;0;0;0;NaN NaN NaN NaN NaN;541.4 572.6;803 834;376 475;142.05435579382984 132.51203718907956;NaN;"[[376,493],[473,475],[532,536],[523,525],[803,834]]"
interactive-discover-6;4;false;;0;613936d3d666a311d54e99e3a8f9cdad;45;45;45;0;5;27;27;27;2410.8;4881;1291;1291 1376 4881 2387 2119;847 868.8 930 930.2 932.4 949.2 981.2 1405.6 1527 1551.6 1569.8 1593.8 1616.6 1636 1664.6 1687.4 1711.6 1733 1755.8 1778 1800.2 1823.2 1850.2 1869 1895.2 1914.8 1938.6;924 927 1217 1217 1218 1298 1435 1605 1738 1770 1860 1980 2093 2185 2304 2418 2535 2642 2753 2858 2968 3078 3208 3301 3429 3524 3641;817 838 846 846 847 848 849 1194 1278 1278 1278 1278 1278 1280 1281 1281 1282 1282 1283 1284 1285 1286 1288 1288 1289 1290 1290;40.094887454636904 32.1085658353032 144.0513797226531 143.9852770251181 143.3772645854286 174.872982475853 227.81343243979273 154.8955777289978 175.02456970379902 197.0934803589403 219.25273088379083 253.58501533016496 289.4827110554273 319.8806027254544 360.7040892476823 401.675789661264 444.29296640842745 484.220610878967 525.9290446438569 565.3264543606641 607.3250859300972 649.3305475641816 699.1533165193454 735.265394262507 784.856776743375 821.7667308914373 867.5281205816905;1304.7884732783318;"[[849,879,882,883,884,885,906,1277,1278,1278,1278,1278,1278,1280,1281,1281,1282,1282,1283,1284,1285,1286,1288,1288,1289,1290,1290],[821,838,846,846,847,848,849,1194,1366,1367,1367,1367,1367,1368,1369,1369,1370,1370,1370,1372,1372,1373,1374,1374,1375,1375,1375],[924,927,1217,1217,1218,1298,1435,1543,1648,1770,1860,1980,2093,2185,2304,2418,2535,2642,2753,2858,2968,3078,3208,3301,3429,3524,3641],[817,848,850,850,851,852,852,1605,1605,1605,1605,1605,1606,1607,1628,1628,1629,1629,1629,1631,1631,1632,1633,1634,1635,1636,1637],[824,852,855,855,862,863,864,1409,1738,1738,1739,1739,1739,1740,1741,1741,1742,1742,1744,1745,1745,1747,1748,1748,1748,1749,1750]]"
interactive-discover-7;0;true;Unexpected "!" at position 0 in state STOP;5;;;;;;5;0;0;0;0;0;0;NaN NaN NaN NaN NaN;516.6;599;344;92.04042590079644;NaN;"[[502],[575],[563],[344],[599]]"
interactive-discover-7;1;false;;0;75ab2bd12ac1e16dcc02f8c9e8d97308;50;50;50;0;5;1;1;1;1244;2718;746;843 2718 746 824 1089;897.4;1089;746;123.26978543016938;745.9096460027849;"[[843],[986],[746],[823],[1089]]"
interactive-discover-7;2;false;;0;faf54113a5297c559416a2dd78b9cc86;43;43;43;0;5;1;1;1;479;644;326;461 644 558 326 406;478.4;643;326;111.52327111414908;111.82844003204194;"[[461],[643],[557],[326],[405]]"
interactive-discover-7;3;true;Unexpected "!" at position 0 in state STOP;5;;;;;;5;0;0;0;0;0;0;NaN NaN NaN NaN NaN;596.2 10171.2;762 10404;435 10084;135.50999963102353 120.44484214776489;NaN;"[[704,10084],[435,10095],[439,10101],[641,10172],[762,10404]]"
interactive-discover-7;4;false;;0;3ee14484ce425fdbae40700cdd59c0d2;45;45;45;0;5;1;1;1;1159;1238;1082;1124 1082 1213 1238 1138;812.8;838;790;19.281078807992046;57.88263988451114;"[[833],[790],[838],[797],[806]]"
interactive-discover-8;0;true;Unexpected "!" at position 0 in state STOP;4;a5c61eb32fd5ea4594bb4f78aff42677;34.75;37;30;2.7726341266023544;5;10;10;10;808.5;1185;658;1185 716 NaN 675 658;665.75 747.25 758.75 762.75 766.75 769.5 779 781.75 791.5 800.5;863 1113 1114 1129 1131 1137 1145 1155 1156 1184;571 607 631 631 637 639 645 645 657 657;115.65330734570456 211.4880315762573 205.3051083144304 211.64401125474825 210.46897039706352 212.3505356715636 211.70380251662934 215.87192383448107 210.66145826894868 221.65570148317863;218.39242202970323;"[[863,1113,1114,1129,1131,1137,1145,1155,1156,1184],[601,639,655,655,659,661,678,678,684,686],[571,607,631,631,637,639,648,649,669,675],[628,630,635,636,640,641,645,645,657,657]]"
interactive-discover-8;1;true;Result hash inconsistency;4;94c08ac69169941707291254297ea93a;37;39;35;1.4142135623730951;5;10;10;10;630.6;885;484;647 484 885 566 571;322.6 591 591 595.6 596.4 601 603.6 610.6 612 627.8;773 853 853 858 861 868 868 873 879 885;74 444 444 448 448 451 463 472 472 484;258.7002899109315 138.5972582701404 138.5972582701404 138.9296224712354 139.97228297059385 141.49628970400602 138.91234646351634 137.73685055205814 140.00999964288266 138.52710926024554;137.26266790354907;"[[81,581,581,586,586,593,593,601,602,646],[416,444,444,448,448,451,463,472,472,484],[773,853,853,858,861,868,868,873,879,885],[269,529,529,532,533,534,535,544,544,554],[74,548,548,554,554,559,559,563,563,570]]"
interactive-discover-8;2;true;Unexpected "!" at position 0 in state STOP;3;fc7edf9934aa79ac26a099c0a4939b21;228.5;434;57;143.81672364506153;5;10;10;10;9891.5;16560;959;NaN 6354 15693 16560 959;9616.5 9746.5 9867.25 9868.25 9875.25 9876.25 9880.5 9881.5 9886 9890.25;16554 16555 16555 16556 16556 16557 16557 16557 16557 16559;204 632 907 909 930 931 942 943 952 957;6824.762505025358 6666.630351984427 6545.436057857413 6544.871747215525 6537.453685304394 6537.453685304394 6532.877639294953 6532.844307803455 6528.545818174212 6527.779537292907;6527.437418313561;"[[6031,6120,6325,6326,6331,6332,6338,6339,6348,6353],[15677,15679,15682,15682,15684,15685,15685,15687,15687,15692],[16554,16555,16555,16556,16556,16557,16557,16557,16557,16559],[204,632,907,909,930,931,942,943,952,957]]"
interactive-discover-8;3;true;Unexpected "!" at position 0 in state STOP;3;f63aec3882fdaf6a05b957c22a586d6b;125.33333333333333;180;74;43.33846123505335;5;10;10;10;4792.333333333333;5663;4065;5663 4065 NaN NaN 4649;1815 4164.666666666667 4571 4695.333333333333 4704.666666666667 4714.333333333333 4744.666666666667 4766.333333333333 4786.333333333333 4792;4516 4522 5200 5550 5552 5569 5610 5628 5653 5662;298 3986 3986 4000 4001 4012 4026 4045 4061 4065;1914.7276568744705 252.67282314399299 496.58903196372216 642.736510727547 641.2905391127765 644.7047558551295 654.9286644784725 653.8309329550635 657.5699371338551 659.7671306352466;660.2067016388797;"[[298,3986,5200,5550,5552,5569,5610,5628,5653,5662],[631,3986,3986,4000,4001,4012,4026,4045,4061,4065],[4516,4522,4527,4536,4561,4562,4598,4626,4645,4649]]"
interactive-discover-8;4;true;Result hash inconsistency;4;57ac414d368827d95d9f5f292003b4b8;126.6;410;42;142.28928280091932;5;10;10;10;4896.4;17118;1375;1543 17118 2047 2399 1375;4580.8 4667.6 4706 4717 4763.4 4806.4 4832.2 4869.8 4880.8 4895.6;17074 17074 17090 17094 17095 17101 17104 17109 17109 17118;1245 1247 1257 1277 1277 1284 1300 1352 1352 1374;6250.650858910614 6208.964119722387 6198.397050851131 6194.663832686968 6172.386170679861 6155.753945699908 6144.9667338399795 6129.54613001648 6124.855962388014 6121.958464413165;6121.587101397807;"[[1253,1424,1504,1506,1519,1522,1528,1530,1536,1543],[17074,17074,17090,17094,17095,17101,17104,17109,17109,17118],[1467,1542,1561,1588,1793,1894,1973,2023,2024,2046],[1865,2051,2118,2120,2133,2231,2256,2335,2383,2397],[1245,1247,1257,1277,1277,1284,1300,1352,1352,1374]]"
interactive-short-1;0;false;;0;6b641713c69378408c911f18ba9ba38b;59.4;89;52;14.8;5;1;1;1;909.6;1246;619;1246 908 1082 693 619;66.6;78;54;9.707728879609277;234.20213491768172;"[[54],[78],[76],[57],[68]]"
interactive-short-1;1;true;Unexpected "!" at position 0 in state STOP;1;f02ab3570928d3fc74a51ceb7a4a39ac;51;51;51;0;5;1;1;1;584.5;638;517;NaN 517 638 588 595;73;84;65;6.892024376045111;43.41946568072896;"[[84],[71],[72],[65]]"
interactive-short-1;2;false;;0;ff4ea17b4281fdba2a7a842efe3a722a;44;44;44;0;5;1;1;1;653.4;1337;418;1337 610 460 442 418;126;334;53;104.72440021313085;348.3386857643004;"[[334],[91],[79],[53],[73]]"
interactive-short-1;3;false;;0;64191c6d5f502dc3f35888f44214ade1;31;31;31;0;5;1;1;1;385.2;506;249;461 414 296 249 506;64;86;32;20.774984957876626;97.64711977319148;"[[86],[84],[69],[49],[32]]"
interactive-short-1;4;false;;0;d8972c3dd7a9ab1cc6d9b0773f1037c3;46;46;46;0;5;1;1;1;668.2;896;356;893 896 509 356 687;56;101;33;25.163465580082566;212.4122407018955;"[[48],[101],[33],[34],[64]]"
interactive-short-2;0;true;Unexpected "!" at position 0 in state STOP;5;;;;;;5;0;0;0;0;0;0;NaN NaN NaN NaN NaN;882.8;1129;524;197.58279277305502;NaN;"[[524],[912],[952],[897],[1129]]"
interactive-short-2;1;true;Unexpected "!" at position 0 in state STOP;5;;;;;;5;0;0;0;0;0;0;NaN NaN NaN NaN NaN;423;519;347;75.59100475585703;NaN;"[[370],[347],[519],[511],[368]]"
interactive-short-2;2;true;Unexpected "!" at position 0 in state STOP;5;;;;;;5;0;0;0;0;0;0;NaN NaN NaN NaN NaN;355.2;436;310;43.95179177234985;NaN;"[[310],[340],[363],[327],[436]]"
interactive-short-2;3;true;Unexpected "!" at position 0 in state STOP;5;;;;;;5;0;0;0;0;0;0;NaN NaN NaN NaN NaN;2059.6;5732;629;1887.228295675963;NaN;"[[1632],[5732],[629],[1625],[680]]"
interactive-short-2;4;true;Unexpected "!" at position 0 in state STOP;5;;;;;;5;0;0;0;0;0;0;NaN NaN NaN NaN NaN;883.2;916;860;22.265668640308107;NaN;"[[873],[916],[903],[864],[860]]"
interactive-short-3;0;true;Unexpected "!" at position 0 in state STOP;5;;;;;;5;0;0;0;0;0;0;NaN NaN NaN NaN NaN;666.4 673.2 696.8;687 698 790;646 646 646;14.037093716293269 17.151093259614676 49.7570095564434;NaN;"[[646,646,646],[687,698,699],[658,667,667],[675,682,682],[666,673,790]]"
interactive-short-3;1;true;Unexpected "!" at position 0 in state STOP;5;;;;;;5;0;0;0;0;0;0;NaN NaN NaN NaN NaN;1138.8 1653.8 1736.8 1738.6;1336 3191 3598 3600;739 1155 1157 1157;210.22787636276973 774.9452625831066 935.8475089457684 935.9890170295804;NaN;"[[1336,1439,1441,1441],[1188,1189,1191,1191],[739,3191,3598,3600],[1279,1295,1297,1304],[1152,1155,1157,1157]]"
interactive-short-3;2;true;Unexpected "!" at position 0 in state STOP;5;;;;;;5;0;0;0;0;0;0;NaN NaN NaN NaN NaN;455;482;430;16.57709262808168;NaN;"[[430],[455],[482],[457],[451]]"
interactive-short-3;3;true;Unexpected "!" at position 0 in state STOP;5;;;;;;5;0;0;0;0;0;0;NaN NaN NaN NaN NaN;993.8 1201.4 1240 1269.8 1271.4 1276.4 1279.2 1281 2290.4;1451 1539 1556 1686 1691 1707 1715 1720 4536;854 908 968 971 971 974 976 978 1472;230.48678920927333 256.6480859075321 231.9715499797335 267.9338724387045 269.3077050513037 273.0769854821164 274.9075480957189 276.0318822165295 1138.9921158638456;NaN;"[[866,1149,1167,1176,1176,1177,1178,1178,4536],[1451,1457,1466,1467,1468,1469,1470,1471,1472],[854,1539,1556,1686,1691,1707,1715,1720,1720],[936,954,1043,1049,1051,1055,1057,1058,2064],[862,908,968,971,971,974,976,978,1660]]"
interactive-short-3;4;true;Unexpected "!" at position 0 in state STOP;5;;;;;;5;0;0;0;0;0;0;NaN NaN NaN NaN NaN;1026.6 1053.2 1834.2 1837.4 1171 1354.6666666666667;1182 1199 4492 4505 1202 1669;589 592 1100 1100 1101 1192;225.2355211772779 233.41071097959494 1329.3936061227314 1334.30230457719 40.68783602011786 222.31259273574423;NaN;"[[1034,1099,1100,1100,1101,1669],[1154,1199,1200,1201,1202,1203],[589,592,4492,4505],[1174,1188,1190,1191,1191],[1182,1188,1189,1190,1190,1192]]"
interactive-short-4;0;false;;0;be952defdc6bff97ab1d2bd30503bd7a;1;1;1;0;5;1;1;1;44.4;169;12;169 12 14 14 13;43;165;12;61.00163932223461;62.3044139688353;"[[165],[12],[13],[13],[12]]"
interactive-short-4;1;false;;0;c7f96e08adf5efcc4ad5302bc4ebe30f;1;1;1;0;5;1;1;1;16.8;27;13;27 15 15 14 13;16;26;13;5.019960159204453;5.1536394906900505;"[[26],[14],[14],[13],[13]]"
interactive-short-4;2;false;;0;b14fe4f20ab576f2bf485f4d72fc2332;13;13;13;0;5;1;1;1;99;115;84;115 97 103 84 96;31.6;44;26;6.468384651518492;10.099504938362077;"[[44],[30],[26],[27],[31]]"
interactive-short-4;3;false;;0;c114679689014713f0be71d73de99a0b;18;18;18;0;5;1;1;1;184.4;308;132;180 308 151 151 132;76.4;189;34;57.168522807573055;63.67605515419435;"[[64],[189],[52],[34],[43]]"
interactive-short-4;4;false;;0;c93535a997dcc3e3b4e497b89e662936;1;1;1;0;5;1;1;1;14.4;17;12;15 17 15 12 13;14.2;17;12;1.9390719429665317;1.7435595774162693;"[[15],[17],[15],[12],[12]]"
interactive-short-5;0;false;;0;dc0e41612718b8e8febbfed0b6a81235;265;265;265;0;5;1;1;1;5562;6865;4284;6865 4729 5274 4284 6658;63.4;82;38;16.49969696691427;1030.450581056656;"[[77],[51],[82],[38],[69]]"
interactive-short-5;1;false;;0;3b3ca4853f0e9347b840de6eab1ca2e3;556;556;556;0;5;2;2;2;20735.4;26791;18285;26791 19878 20416 18307 18285;85.4 10042.8;89 10046;84 10038;1.8547236990991405 3.059411708155671;3143.5339730946125;"[[89,10038],[85,10043],[84,10046],[84,10041],[85,10046]]"
interactive-short-5;2;true;Unexpected "!" at position 0 in state STOP;5;;;;;;5;0;0;0;0;0;0;NaN NaN NaN NaN NaN;142.2 10036.2;179 10039;122 10034;19.9939990997299 1.7204650534085253;NaN;"[[179,10035],[145,10037],[128,10036],[122,10039],[137,10034]]"
interactive-short-5;3;false;;0;34828ddcb65169a440f3b93e10833a13;23;23;23;0;5;1;1;1;516.4;526;507;526 519 519 511 507;263.4;269;258;4.5431266766402185;6.681317235396026;"[[269],[266],[266],[258],[258]]"
interactive-short-5;4;false;;0;85635c1632159d9ccdaa8e67a0da19e7;238;238;238;0;5;1;1;1;5001;5656;4619;4741 5656 4820 5169 4619;120.6;137;109;9.891410415102591;375.1090508105609;"[[137],[112],[109],[124],[121]]"
interactive-short-6;0;true;Unexpected "!" at position 0 in state STOP;5;;;;;;5;0;0;0;0;0;0;NaN NaN NaN NaN NaN;233;283;66;83.94045508573325;NaN;"[[66],[282],[275],[283],[259]]"
interactive-short-6;1;true;Unexpected "!" at position 0 in state STOP;5;;;;;;5;0;0;0;0;0;0;NaN NaN NaN NaN NaN;315.2;438;257;65.54815024087254;NaN;"[[257],[265],[294],[322],[438]]"
interactive-short-6;2;true;Unexpected "!" at position 0 in state STOP;5;;;;;;5;0;0;0;0;0;0;NaN NaN NaN NaN NaN;;;;;NaN;
interactive-short-6;3;false;;0;d41d8cd98f00b204e9800998ecf8427e;406.8;576;116;161.91034556198068;5;0;0;0;10701.4;11498;10175;10406 11047 11498 10381 10175;;;;;494.1710634992704;"[[],[],[],[],[]]"
interactive-short-6;4;true;Unexpected "!" at position 0 in state STOP;5;;;;;;5;0;0;0;0;0;0;NaN NaN NaN NaN NaN;;;;;NaN;
interactive-short-7;0;true;Unexpected "!" at position 0 in state STOP;5;;;;;;5;0;0;0;0;0;0;NaN NaN NaN NaN NaN;;;;;NaN;
interactive-short-7;1;true;Unexpected "!" at position 0 in state STOP;5;;;;;;5;0;0;0;0;0;0;NaN NaN NaN NaN NaN;;;;;NaN;
interactive-short-7;2;true;Unexpected "!" at position 0 in state STOP;5;;;;;;5;0;0;0;0;0;0;NaN NaN NaN NaN NaN;;;;;NaN;
interactive-short-7;3;true;Unexpected "!" at position 0 in state STOP;5;;;;;;5;0;0;0;0;0;0;NaN NaN NaN NaN NaN;;;;;NaN;
interactive-short-7;4;true;Unexpected "!" at position 0 in state STOP;5;;;;;;5;0;0;0;0;0;0;NaN NaN NaN NaN NaN;;;;;NaN;
