name;id;results;time;error;timestamps;timestampsMin;timestampsMax;httpRequests;restarts
interactive-discover-1;0;6;10094;false;10733 11220 11221 11222 11222 11226;10733 11220 11221 11222 11222 11226;10733 11220 11221 11222 11222 11226;127;5
interactive-discover-1;1;4;7471;false;7030 7031 7031 7470;7030 7031 7031 7470;7030 7031 7031 7470;19;1
interactive-discover-1;2;1;7142;false;6994;6994;6994;16;1
interactive-discover-1;3;14;10688;false;9749 9861 9861 9915 9915 9932 10035 10044 10044 10045 10046 10047 10048 10688;9749 9861 9861 9915 9915 9932 10035 10044 10044 10045 10046 10047 10048 10688;9749 9861 9861 9915 9915 9932 10035 10044 10044 10045 10046 10047 10048 10688;223;4
interactive-discover-1;4;8;12306;false;11924 11952 11973 11982 12010 12033 12072 12306;11924 11952 11973 11982 12010 12033 12072 12306;11924 11952 11973 11982 12010 12033 12072 12306;122;6
interactive-discover-2;0;66;14464;false;11277 11304 11304 11317 11317 11342 11342 11354 11354 11369 11369 11399 11399 11412 11413 11429 11429 11443 11443 11465 11465 11470 11470 11478 11478 11490 11490 11492 11492 11494 11494 11496 11496 14745 15033 15050 15053 15054 15054 15055 15055 15056 15057 15057 15057 15058 15058 15058 15059 15059 15059 15060 15060 15060 15060 15060 15061 15061 15061 15061 15061 15061 15061 15061 15062 15063;11277 11304 11304 11317 11317 11342 11342 11354 11354 11369 11369 11399 11399 11412 11413 11429 11429 11443 11443 11465 11465 11470 11470 11478 11478 11490 11490 11492 11492 11494 11494 11496 11496 14745 15033 15050 15053 15054 15054 15055 15055 15056 15057 15057 15057 15058 15058 15058 15059 15059 15059 15060 15060 15060 15060 15060 15061 15061 15061 15061 15061 15061 15061 15061 15062 15063;11277 11304 11304 11317 11317 11342 11342 11354 11354 11369 11369 11399 11399 11412 11413 11429 11429 11443 11443 11465 11465 11470 11470 11478 11478 11490 11490 11492 11492 11494 11494 11496 11496 14745 15033 15050 15053 15054 15054 15055 15055 15056 15057 15057 15057 15058 15058 15058 15059 15059 15059 15060 15060 15060 15060 15060 15061 15061 15061 15061 15061 15061 15061 15061 15062 15063;128;5
interactive-discover-2;1;46;7817;false;8845 8847 8849 8850 8851 8852 8855 8855 8856 8856 8857 8858 8859 8861 8862 8863 8864 8867 8867 8867 8869 8870 8871 8873 8876 8877 8878 8880 8882 8883 8884 8885 8889 8890 8891 8891 8892 8892 8893 8894 8894 8894 8895 8895 8896 8896;8845 8847 8849 8850 8851 8852 8855 8855 8856 8856 8857 8858 8859 8861 8862 8863 8864 8867 8867 8867 8869 8870 8871 8873 8876 8877 8878 8880 8882 8883 8884 8885 8889 8890 8891 8891 8892 8892 8893 8894 8894 8894 8895 8895 8896 8896;8845 8847 8849 8850 8851 8852 8855 8855 8856 8856 8857 8858 8859 8861 8862 8863 8864 8867 8867 8867 8869 8870 8871 8873 8876 8877 8878 8880 8882 8883 8884 8885 8889 8890 8891 8891 8892 8892 8893 8894 8894 8894 8895 8895 8896 8896;20;1
interactive-discover-2;2;32;7954;false;7933 7934 7934 7935 7936 7937 7938 7938 7939 7940 7941 7941 7942 7944 7944 7945 7946 7946 7947 7948 7948 7949 7949 7950 7950 7950 7951 7951 7952 7952 7952 7954;7933 7934 7934 7935 7936 7937 7938 7938 7939 7940 7941 7941 7942 7944 7944 7945 7946 7946 7947 7948 7948 7949 7949 7950 7950 7950 7951 7951 7952 7952 7952 7954;7933 7934 7934 7935 7936 7937 7938 7938 7939 7940 7941 7941 7942 7944 7944 7945 7946 7946 7947 7948 7948 7949 7949 7950 7950 7950 7951 7951 7952 7952 7952 7954;17;1
interactive-discover-2;3;172;60032;true;13372 13372 13396 13480 15198 17822 18000 18030 18164 18250 18283 22248 24713 24779 24955 24973 25028 25076 25150 25226 25357 25407 25462 25527 25669 25669 25827 25827 25943 25943 26158 26158 26360 26382 26453 26552 26634 26700 26749 26772 26832 26899 26956 27010 27053 27090 27129 27140 27217 27321 27379 27439 27453 27499 27562 27657 27688 30386 30559 30778 31161 31232 31301 34133 36207 36352 36372 36481 36614 36614 36692 36692 36764 36764 36865 36865 36925 36925 37129 37129 37208 37209 37287 37287 37383 37383 37469 37469 38269 38320 38375 38453 38515 38537 38587 38624 38662 38712 38876 38876 38950 38950 39061 39061 39181 39181 39226 39260 39415 39438 39463 42054 42186 42253 42273 42323 42378 45849 45864 45958 46006 46149 53065 53102 53206 55638 55695 55806 55849 55900 55956 55969 56138 56138 56335 56335 56466 56466 56754 56754 56871 56871 57172 57172 57554 57614 57668 57688 57753 57807 57860 57897 57938 57981 58022 58031 58227 58281 58329 58342 58379 58443 58535 58590 58609 58637 58661 58693 58788 58788 58884 60031;13372 13372 13396 13480 15198 17822 18000 18030 18164 18250 18283 22248 24713 24779 24955 24973 25028 25076 25150 25226 25357 25407 25462 25527 25669 25669 25827 25827 25943 25943 26158 26158 26360 26382 26453 26552 26634 26700 26749 26772 26832 26899 26956 27010 27053 27090 27129 27140 27217 27321 27379 27439 27453 27499 27562 27657 27688 30386 30559 30778 31161 31232 31301 34133 36207 36352 36372 36481 36614 36614 36692 36692 36764 36764 36865 36865 36925 36925 37129 37129 37208 37209 37287 37287 37383 37383 37469 37469 38269 38320 38375 38453 38515 38537 38587 38624 38662 38712 38876 38876 38950 38950 39061 39061 39181 39181 39226 39260 39415 39438 39463 42054 42186 42253 42273 42323 42378 45849 45864 45958 46006 46149 53065 53102 53206 55638 55695 55806 55849 55900 55956 55969 56138 56138 56335 56335 56466 56466 56754 56754 56871 56871 57172 57172 57554 57614 57668 57688 57753 57807 57860 57897 57938 57981 58022 58031 58227 58281 58329 58342 58379 58443 58535 58590 58609 58637 58661 58693 58788 58788 58884 60031;13372 13372 13396 13480 15198 17822 18000 18030 18164 18250 18283 22248 24713 24779 24955 24973 25028 25076 25150 25226 25357 25407 25462 25527 25669 25669 25827 25827 25943 25943 26158 26158 26360 26382 26453 26552 26634 26700 26749 26772 26832 26899 26956 27010 27053 27090 27129 27140 27217 27321 27379 27439 27453 27499 27562 27657 27688 30386 30559 30778 31161 31232 31301 34133 36207 36352 36372 36481 36614 36614 36692 36692 36764 36764 36865 36865 36925 36925 37129 37129 37208 37209 37287 37287 37383 37383 37469 37469 38269 38320 38375 38453 38515 38537 38587 38624 38662 38712 38876 38876 38950 38950 39061 39061 39181 39181 39226 39260 39415 39438 39463 42054 42186 42253 42273 42323 42378 45849 45864 45958 46006 46149 53065 53102 53206 55638 55695 55806 55849 55900 55956 55969 56138 56138 56335 56335 56466 56466 56754 56754 56871 56871 57172 57172 57554 57614 57668 57688 57753 57807 57860 57897 57938 57981 58022 58031 58227 58281 58329 58342 58379 58443 58535 58590 58609 58637 58661 58693 58788 58788 58884 60031;224;16
interactive-discover-2;4;98;15235;false;12327 12561 12646 12646 13147 13183 13306 13340 13385 13428 13463 13474 13497 13517 13530 13541 13543 13552 13561 13566 13577 13579 13588 13602 13609 13618 13619 13625 13630 13635 13640 13641 13645 13652 13658 13664 13665 13673 13681 13688 13693 13695 13699 13703 13708 13708 13712 13715 13717 13721 13721 13726 13729 13732 13734 13735 13737 13739 13742 13742 15284 15284 15285 15285 15285 15286 15286 15286 15286 15286 15286 15287 15287 15287 15287 15287 15287 15287 15288 15288 15288 15288 15288 15288 15288 15288 15288 15289 15289 15289 15290 15290 15290 15290 15290 15290 15291 15292;12327 12561 12646 12646 13147 13183 13306 13340 13385 13428 13463 13474 13497 13517 13530 13541 13543 13552 13561 13566 13577 13579 13588 13602 13609 13618 13619 13625 13630 13635 13640 13641 13645 13652 13658 13664 13665 13673 13681 13688 13693 13695 13699 13703 13708 13708 13712 13715 13717 13721 13721 13726 13729 13732 13734 13735 13737 13739 13742 13742 15284 15284 15285 15285 15285 15286 15286 15286 15286 15286 15286 15287 15287 15287 15287 15287 15287 15287 15288 15288 15288 15288 15288 15288 15288 15288 15288 15289 15289 15289 15290 15290 15290 15290 15290 15290 15291 15292;12327 12561 12646 12646 13147 13183 13306 13340 13385 13428 13463 13474 13497 13517 13530 13541 13543 13552 13561 13566 13577 13579 13588 13602 13609 13618 13619 13625 13630 13635 13640 13641 13645 13652 13658 13664 13665 13673 13681 13688 13693 13695 13699 13703 13708 13708 13712 13715 13717 13721 13721 13726 13729 13732 13734 13735 13737 13739 13742 13742 15284 15284 15285 15285 15285 15286 15286 15286 15286 15286 15286 15287 15287 15287 15287 15287 15287 15287 15288 15288 15288 15288 15288 15288 15288 15288 15288 15289 15289 15289 15290 15290 15290 15290 15290 15290 15291 15292;123;6
interactive-discover-3;0;71;14842;false;14990 14990 14990 14991 14991 14991 14991 14991 14991 14991 14991 14991 14991 14991 14991 14991 14991 14991 14991 14992 14992 14992 14992 14992 14992 14992 14992 14992 14992 14992 14992 14992 14992 14992 14992 14992 14992 14993 14993 14993 14993 14993 14993 14993 14993 14994 14994 14994 14994 14994 14994 14994 14994 14994 14994 14994 14994 14994 14994 14994 14994 14994 14994 14994 14994 14994 14994 14994 14994 14994 14994;14990 14990 14990 14991 14991 14991 14991 14991 14991 14991 14991 14991 14991 14991 14991 14991 14991 14991 14991 14992 14992 14992 14992 14992 14992 14992 14992 14992 14992 14992 14992 14992 14992 14992 14992 14992 14992 14993 14993 14993 14993 14993 14993 14993 14993 14994 14994 14994 14994 14994 14994 14994 14994 14994 14994 14994 14994 14994 14994 14994 14994 14994 14994 14994 14994 14994 14994 14994 14994 14994 14994;14990 14990 14990 14991 14991 14991 14991 14991 14991 14991 14991 14991 14991 14991 14991 14991 14991 14991 14991 14992 14992 14992 14992 14992 14992 14992 14992 14992 14992 14992 14992 14992 14992 14992 14992 14992 14992 14993 14993 14993 14993 14993 14993 14993 14993 14994 14994 14994 14994 14994 14994 14994 14994 14994 14994 14994 14994 14994 14994 14994 14994 14994 14994 14994 14994 14994 14994 14994 14994 14994 14994;254;6
interactive-discover-3;1;67;28185;false;29521 29521 29521 29522 29522 29522 29522 29522 29522 29522 29522 29522 29522 29522 29522 29522 29522 29523 29523 29523 29523 29523 29523 29523 29523 29523 29523 29523 29523 29523 29523 29523 29523 29523 29523 29524 29524 29524 29524 29524 29524 29524 29524 29524 29524 29524 29524 29524 29524 29524 29524 29524 29524 29524 29524 29524 29524 29525 29525 29525 29525 29525 29525 29525 29525 29525 29525;29521 29521 29521 29522 29522 29522 29522 29522 29522 29522 29522 29522 29522 29522 29522 29522 29522 29523 29523 29523 29523 29523 29523 29523 29523 29523 29523 29523 29523 29523 29523 29523 29523 29523 29523 29524 29524 29524 29524 29524 29524 29524 29524 29524 29524 29524 29524 29524 29524 29524 29524 29524 29524 29524 29524 29524 29524 29525 29525 29525 29525 29525 29525 29525 29525 29525 29525;29521 29521 29521 29522 29522 29522 29522 29522 29522 29522 29522 29522 29522 29522 29522 29522 29522 29523 29523 29523 29523 29523 29523 29523 29523 29523 29523 29523 29523 29523 29523 29523 29523 29523 29523 29524 29524 29524 29524 29524 29524 29524 29524 29524 29524 29524 29524 29524 29524 29524 29524 29524 29524 29524 29524 29524 29524 29525 29525 29525 29525 29525 29525 29525 29525 29525 29525;148;3
interactive-discover-3;2;55;16471;false;21500 21500 21500 21501 21501 21501 21501 21501 21501 21501 21501 21501 21501 21501 21501 21501 21501 21501 21501 21502 21502 21502 21502 21502 21502 21502 21502 21502 21502 21502 21502 21502 21502 21502 21502 21502 21502 21502 21502 21503 21503 21503 21503 21503 21503 21503 21503 21503 21503 21503 21503 21503 21503 21503 21503;21500 21500 21500 21501 21501 21501 21501 21501 21501 21501 21501 21501 21501 21501 21501 21501 21501 21501 21501 21502 21502 21502 21502 21502 21502 21502 21502 21502 21502 21502 21502 21502 21502 21502 21502 21502 21502 21502 21502 21503 21503 21503 21503 21503 21503 21503 21503 21503 21503 21503 21503 21503 21503 21503 21503;21500 21500 21500 21501 21501 21501 21501 21501 21501 21501 21501 21501 21501 21501 21501 21501 21501 21501 21501 21502 21502 21502 21502 21502 21502 21502 21502 21502 21502 21502 21502 21502 21502 21502 21502 21502 21502 21502 21502 21503 21503 21503 21503 21503 21503 21503 21503 21503 21503 21503 21503 21503 21503 21503 21503;101;5
interactive-discover-3;3;0;60108;true;;;;430;10
interactive-discover-3;4;142;21148;false;22028 22028 22029 22030 22030 22030 22030 22030 22030 22030 22031 22031 22031 22031 22031 22031 22031 22031 22031 22031 22032 22032 22032 22032 22032 22032 22032 22032 22032 22032 22032 22033 22033 22033 22033 22033 22033 22033 22033 22033 22034 22034 22034 22034 22034 22034 22034 22034 22034 22034 22034 22035 22035 22035 22035 22035 22035 22035 22035 22035 22035 22035 22036 22036 22036 22036 22036 22036 22036 22036 22036 22037 22037 22037 22037 22037 22037 22037 22037 22037 22037 22037 22038 22038 22038 22038 22038 22038 22038 22038 22038 22039 22039 22039 22039 22039 22039 22039 22039 22039 22040 22040 22040 22040 22040 22040 22040 22040 22040 22040 22041 22041 22041 22041 22041 22041 22041 22041 22041 22042 22042 22042 22042 22042 22042 22042 22042 22042 22042 22043 22043 22043 22043 22043 22043 22043 22043 22043 22043 22044 22044 22044;22028 22028 22029 22030 22030 22030 22030 22030 22030 22030 22031 22031 22031 22031 22031 22031 22031 22031 22031 22031 22032 22032 22032 22032 22032 22032 22032 22032 22032 22032 22032 22033 22033 22033 22033 22033 22033 22033 22033 22033 22034 22034 22034 22034 22034 22034 22034 22034 22034 22034 22034 22035 22035 22035 22035 22035 22035 22035 22035 22035 22035 22035 22036 22036 22036 22036 22036 22036 22036 22036 22036 22037 22037 22037 22037 22037 22037 22037 22037 22037 22037 22037 22038 22038 22038 22038 22038 22038 22038 22038 22038 22039 22039 22039 22039 22039 22039 22039 22039 22039 22040 22040 22040 22040 22040 22040 22040 22040 22040 22040 22041 22041 22041 22041 22041 22041 22041 22041 22041 22042 22042 22042 22042 22042 22042 22042 22042 22042 22042 22043 22043 22043 22043 22043 22043 22043 22043 22043 22043 22044 22044 22044;22028 22028 22029 22030 22030 22030 22030 22030 22030 22030 22031 22031 22031 22031 22031 22031 22031 22031 22031 22031 22032 22032 22032 22032 22032 22032 22032 22032 22032 22032 22032 22033 22033 22033 22033 22033 22033 22033 22033 22033 22034 22034 22034 22034 22034 22034 22034 22034 22034 22034 22034 22035 22035 22035 22035 22035 22035 22035 22035 22035 22035 22035 22036 22036 22036 22036 22036 22036 22036 22036 22036 22037 22037 22037 22037 22037 22037 22037 22037 22037 22037 22037 22038 22038 22038 22038 22038 22038 22038 22038 22038 22039 22039 22039 22039 22039 22039 22039 22039 22039 22040 22040 22040 22040 22040 22040 22040 22040 22040 22040 22041 22041 22041 22041 22041 22041 22041 22041 22041 22042 22042 22042 22042 22042 22042 22042 22042 22042 22042 22043 22043 22043 22043 22043 22043 22043 22043 22043 22043 22044 22044 22044;274;4
interactive-discover-4;0;5;24695;false;25414 25414 25414 25415 25415;25414 25414 25414 25415 25415;25414 25414 25414 25415 25415;144;4
interactive-discover-4;1;3;8360;false;8445 8445 8445;8445 8445 8445;8445 8445 8445;24;3
interactive-discover-4;2;3;7891;false;7890 7890 7890;7890 7890 7890;7890 7890 7890;21;4
interactive-discover-4;3;3;26584;false;32335 32335 32335;32335 32335 32335;32335 32335 32335;229;5
interactive-discover-4;4;7;39076;false;40592 40592 40592 40592 40592 40592 40592;40592 40592 40592 40592 40592 40592 40592;40592 40592 40592 40592 40592 40592 40592;143;4
interactive-discover-5;0;15;13883;false;8618 10160 10160 10168 10586 10587 10593 11766 12033 12033 12033 12034 12034 12034 13883;8618 10160 10160 10168 10586 10587 10593 11766 12033 12033 12033 12034 12034 12034 13883;8618 10160 10160 10168 10586 10587 10593 11766 12033 12033 12033 12034 12034 12034 13883;128;5
interactive-discover-5;1;3;7471;false;6929 7321 8016;6929 7321 8016;6929 7321 8016;20;3
interactive-discover-5;2;3;7701;false;7256 7484 7596;7256 7484 7596;7256 7484 7596;17;3
interactive-discover-5;3;4;15263;false;7380 9473 10176 12249;7380 9473 10176 12249;7380 9473 10176 12249;224;11
interactive-discover-5;4;20;15688;false;7944 7961 7961 9355 9610 9694 10144 10167 10709 10745 10751 10751 10752 11823 13222 15515 15686 15686 15687 15687;7944 7961 7961 9355 9610 9694 10144 10167 10709 10745 10751 10751 10752 11823 13222 15515 15686 15686 15687 15687;7944 7961 7961 9355 9610 9694 10144 10167 10709 10745 10751 10751 10752 11823 13222 15515 15686 15686 15687 15687;123;6
interactive-discover-6;0;0;60145;true;;;;518;6
interactive-discover-6;1;1;7636;false;8015;8015;8015;20;3
interactive-discover-6;2;1;7056;false;7056;7056;7056;17;3
interactive-discover-6;3;0;60118;true;;;;737;10
interactive-discover-6;4;27;13585;false;10772 11201 11201 11201 14129 14185 14221 14222 14222 14251 14251 14251 14261 14261 14261 14266 14266 14266 14270 14270 14270 14273 14273 14273 14275 14275 14300;10772 11201 11201 11201 14129 14185 14221 14222 14222 14251 14251 14251 14261 14261 14261 14266 14266 14266 14270 14270 14270 14273 14273 14273 14275 14275 14300;10772 11201 11201 11201 14129 14185 14221 14222 14222 14251 14251 14251 14261 14261 14261 14266 14266 14266 14270 14270 14270 14273 14273 14273 14275 14275 14300;123;3
interactive-discover-7;0;1;60105;true;30700;30700;30700;1708;14
interactive-discover-7;1;1;7310;false;8141;8141;8141;20;2
interactive-discover-7;2;1;6829;false;7614;7614;7614;17;2
interactive-discover-7;3;1;60148;false;60178;60178;60178;1078;7
interactive-discover-7;4;1;13776;false;13988;13988;13988;123;3
interactive-short-3;1;1;60245;true;60245;60245;60245;4154;6
interactive-short-2;1;0;60226;true;;;;1756;5
interactive-short-2;0;0;60164;true;;;;1349;4
interactive-discover-8;0;10;22414;false;17157 18060 18060 19056 19563 20179 20902 21102 23221 24018;17157 18060 18060 19056 19563 20179 20902 21102 23221 24018;17157 18060 18060 19056 19563 20179 20902 21102 23221 24018;550;1
interactive-short-1;4;1;14621;false;20995;20995;20995;124;0
interactive-short-1;3;1;11953;false;14950;14950;14950;225;0
interactive-discover-8;1;10;23251;false;18404 19418 19419 20159 20160 21229 21229 22096 22592 23250;18404 19418 19419 20159 20160 21229 21229 22096 22592 23250;18404 19418 19419 20159 20160 21229 21229 22096 22592 23250;543;2
interactive-short-1;2;1;7022;false;7620;7620;7620;18;0
interactive-short-1;1;1;7336;false;7784;7784;7784;21;0
interactive-short-1;0;1;9301;false;14742;14742;14742;129;0
interactive-discover-8;2;10;18027;false;14045 14629 14629 15560 15900 16624 17095 17725 18137 18670;14045 14629 14629 15560 15900 16624 17095 17725 18137 18670;14045 14629 14629 15560 15900 16624 17095 17725 18137 18670;280;2
interactive-discover-8;4;10;25603;false;24671 24671 26269 26269 27505 27505 28498 28498 29562 30463;24671 24671 26269 26269 27505 27505 28498 28498 29562 30463;24671 24671 26269 26269 27505 27505 28498 28498 29562 30463;521;2
interactive-discover-8;3;10;20756;false;18546 19368 19368 20255 20256 21339 21340 22350 22350 23219;18546 19368 19368 20255 20256 21339 21340 22350 22350 23219;18546 19368 19368 20255 20256 21339 21340 22350 22350 23219;418;2
interactive-short-2;2;0;60240;true;;;;1644;4
interactive-short-2;3;0;60159;true;;;;1843;10
interactive-short-3;0;1;60168;true;31637;31637;31637;3941;9
interactive-short-2;4;0;60211;true;;;;1609;5
interactive-short-3;2;0;60199;true;;;;3361;0
interactive-short-3;3;1;60155;true;60156;60156;60156;4109;8
interactive-short-3;4;1;60158;false;60146;60146;60146;3809;11
interactive-short-4;0;1;7232;false;7231;7231;7231;1;0
interactive-short-4;1;1;6923;false;7305;7305;7305;1;0
interactive-short-4;2;1;6962;false;6952;6952;6952;2;0
interactive-short-4;3;1;6564;false;6815;6815;6815;2;0
interactive-short-4;4;1;6742;false;7064;7064;7064;1;0
interactive-short-5;1;1;8459;false;8458;8458;8458;39;1
interactive-short-5;0;1;8300;false;8607;8607;8607;40;1
interactive-short-5;2;1;9038;false;12011;12011;12011;103;1
interactive-short-5;3;1;8109;false;8260;8260;8260;38;1
interactive-short-5;4;1;9165;false;9671;9671;9671;53;1
interactive-short-6;0;0;60154;true;;;;4178;1
interactive-short-6;1;1;60241;true;60240;60240;60240;4323;4
interactive-short-6;2;0;60152;true;;;;6213;3
interactive-short-6;3;0;60168;true;;;;6621;3
interactive-short-7;4;0;60232;true;;;;5503;2
interactive-short-7;3;0;60171;true;;;;4666;7
interactive-short-6;4;0;60268;true;;;;5314;5
interactive-short-7;2;0;60151;true;;;;4568;7
interactive-short-7;1;0;60145;true;;;;4393;8
interactive-short-7;0;0;60160;true;;;;4219;8
