name;id;error;errorDescription;failures;hash;httpRequests;httpRequestsMax;httpRequestsMin;httpRequestsStd;replication;results;resultsMax;resultsMin;time;timeMax;timeMin;times;timestamps;timestampsMax;timestampsMin;timestampsStd;timeStd;timestampsAll
interactive-discover-1;0;false;;0;d632b8166f912f4afd062d64186f2dc6;463;463;463;0;3;6;6;6;9524.333333333334;13008;7702;13008 7863 7702;3200 3637.3333333333335 6483 6924 7106 8438.666666666666;3980 4627 8605 9109 9318 10399;2738 3068 5157 5590 5660 7207;554.6674679481391 702.4387675963095 1516.0008795072206 1557.5602717070053 1588.564970867313 1401.2928157796127;2464.2010650287625;"[[3980,4627,8605,9109,9318,10399],[2882,3217,5687,6073,6340,7710],[2738,3068,5157,5590,5660,7207]]"
interactive-discover-1;1;false;;0;e00f199d535cd1710bf9be67f04f39e4;65;65;65;0;3;4;4;4;2447.6666666666665;2550;2325;2468 2550 2325;1288 1298.3333333333333 1313 1317;1307 1320 1340 1343;1278 1284 1292 1298;13.4412301024373 15.584892970081281 20.049937655763422 19.026297590440446;92.97430947429629;"[[1307,1320,1340,1343],[1278,1291,1307,1310],[1279,1284,1292,1298]]"
interactive-discover-1;2;false;;0;c4499554f796e968a069e67a8f5d9d1c;48;48;48;0;3;1;1;1;2255.3333333333335;2443;2118;2205 2443 2118;1272.3333333333333;1275;1271;1.8856180831641267;137.37135396031042;"[[1275],[1271],[1271]]"
interactive-discover-1;3;false;;0;6c0a9fe8be642ee232c10c9996912b97;223;223;223;0;3;14;14;14;8579;10418;6946;10418 8373 6946;1337 1351.3333333333333 1370.3333333333333 1385.3333333333333 1389 1389 1419.6666666666667 1420.3333333333333 1420.3333333333333 1437 1476 1478 1478.3333333333333 1478.3333333333333;1343 1355 1386 1393 1393 1393 1479 1480 1480 1480 1518 1524 1524 1524;1332 1347 1357 1376 1387 1387 1387 1388 1388 1388 1443 1443 1444 1444;4.546060565661952 3.299831645537222 11.953614051360738 7.039570693980958 2.8284271247461903 2.8284271247461903 42.02644669993196 42.240054713769275 42.240054713769275 37.797707161502096 31.272991542223778 33.97057550292606 33.6286914537109 33.6286914537109;1424.9030376368305;"[[1336,1352,1368,1376,1387,1387,1479,1480,1480,1480,1518,1524,1524,1524],[1332,1347,1386,1387,1387,1387,1387,1388,1388,1388,1467,1467,1467,1467],[1343,1355,1357,1393,1393,1393,1393,1393,1393,1443,1443,1443,1444,1444]]"
interactive-discover-1;4;false;;0;7536d3a2c1abc2a9ac92b1860efa3282;461;461;461;0;3;8;8;8;8498;8995;7522;8995 8977 7522;3440.3333333333335 3466 3477.6666666666665 4639 5069.333333333333 5164.666666666667 6464 6680;3586 3614 3621 4871 5337 5415 6502 6914;3177 3199 3210 4199 4561 4678 6410 6410;186.55532393606163 189.16835535222762 189.42779333796003 311.2812233334995 359.61491750049646 344.1727602366127 39.22584182228174 207.32583051805196;690.1753400404857;"[[3586,3614,3621,4871,5337,5401,6502,6716],[3558,3585,3602,4847,5310,5415,6480,6914],[3177,3199,3210,4199,4561,4678,6410,6410]]"
interactive-discover-2;0;false;;0;18ff3becda1d7305aaa0da5860ca7511;463;463;463;0;3;66;66;66;9337;10562;8606;10562 8606 8843;1362 1384.6666666666667 1407.6666666666667 1428.6666666666667 1450.3333333333333 1474.3333333333333 1495.6666666666667 1519 1542 1563 1585.6666666666667 1609.3333333333333 1629.6666666666667 1653 1676.6666666666667 1697 1719.6666666666667 1743 1764.3333333333333 1788 1810.6666666666667 1831.3333333333333 1855 1876.3333333333333 1899.6666666666667 1920.6666666666667 1942.6666666666667 1966 1989.6666666666667 2011.3333333333333 2033.3333333333333 2056 2079 2099.6666666666665 2122.6666666666665 2145 2168 2190.3333333333335 2213 2234 2258.6666666666665 2280.6666666666665 2302 2325.6666666666665 2346.6666666666665 2369.3333333333335 2393 2415 2436.6666666666665 2460.3333333333335 2483.3333333333335 2503.3333333333335 2527.3333333333335 2549 2570.6666666666665 2594.6666666666665 2617.6666666666665 2638.6666666666665 2661.3333333333335 2686.3333333333335 3423 3711.6666666666665 6218.333333333333 6629.333333333333 6654 7553;1371 1392 1417 1441 1461 1486 1509 1531 1557 1577 1600 1623 1647 1671 1695 1716 1740 1763 1785 1810 1832 1854 1877 1901 1924 1946 1968 1992 2018 2039 2061 2084 2111 2132 2152 2177 2201 2223 2245 2269 2294 2316 2338 2364 2384 2407 2432 2454 2477 2504 2527 2546 2573 2592 2617 2640 2665 2687 2708 2736 3490 3767 6620 6912 6941 7908;1352 1372 1394 1413 1435 1459 1477 1501 1519 1542 1562 1586 1603 1626 1646 1667 1687 1711 1730 1751 1774 1793 1817 1835 1856 1877 1898 1920 1940 1962 1985 2006 2024 2044 2067 2088 2108 2131 2154 2172 2194 2217 2236 2256 2278 2300 2320 2343 2364 2383 2408 2425 2447 2470 2488 2510 2534 2552 2574 2598 3312 3633 5839 6257 6280 7055;7.788880963698615 8.993825042154693 9.877021593352701 11.67142760000773 11.115554667022044 11.323525167642018 13.59738536958076 12.96148139681572 16.51262143533445 15.121728296285006 16.858891488535722 16.579773487261185 19.136933459209764 19.44222209522358 21.82251640444388 21.463146709340332 23.32857094256359 22.861904265976328 24.44494948973214 26.318561257535844 26.04269997949948 27.25598812901284 26.981475126464083 29.408993333483707 30.944394574067136 31.008959278820623 31.678944988044595 32.61901286060018 35.235714205271265 34.96982826507572 34.29609631171195 35.4400902933387 39.06404996924922 39.53338954464807 39.38132665222045 40.40627014049511 42.49705872175156 42.02644669993197 41.769207158703246 43.96210489349511 45.79179936286506 45.10974272691975 46.73328578219169 49.34459330959056 48.61641240934542 49.08722395446249 51.65913923660233 50.97057974949863 51.48678363317026 54.83510635431365 53.49350947129526 55.46370184383858 56.981478472297376 55.93448548674303 58.596549007220176 59.91846311632352 59.33146064460425 61.41841924229427 61.80255298574288 62.622324737712795 79.04850831398824 57.13920623257633 319.2327607805245 274.81670659227075 276.77548060958486 362.61917581212754;871.5927948302464;"[[1371,1392,1417,1441,1461,1486,1509,1531,1557,1577,1600,1623,1647,1671,1695,1716,1740,1763,1785,1810,1832,1854,1877,1901,1924,1946,1968,1992,2018,2039,2061,2084,2111,2132,2152,2177,2201,2223,2245,2269,2294,2316,2338,2364,2384,2407,2432,2454,2477,2504,2527,2546,2573,2592,2617,2640,2665,2687,2708,2736,3467,3735,5839,6912,6941,7055],[1363,1390,1412,1432,1455,1478,1501,1525,1550,1570,1595,1619,1639,1662,1689,1708,1732,1755,1778,1803,1826,1847,1871,1893,1919,1939,1962,1986,2011,2033,2054,2078,2102,2123,2149,2170,2195,2217,2240,2261,2288,2309,2332,2357,2378,2401,2427,2448,2469,2494,2515,2539,2562,2585,2607,2634,2654,2677,2702,2725,3490,3767,6196,6257,6280,7696],[1352,1372,1394,1413,1435,1459,1477,1501,1519,1542,1562,1586,1603,1626,1646,1667,1687,1711,1730,1751,1774,1793,1817,1835,1856,1877,1898,1920,1940,1962,1985,2006,2024,2044,2067,2088,2108,2131,2154,2172,2194,2217,2236,2256,2278,2300,2320,2343,2364,2383,2408,2425,2447,2470,2488,2510,2534,2552,2574,2598,3312,3633,6620,6719,6741,7908]]"
interactive-discover-2;1;false;;0;f6a5ba863b07324a44f8e492bf9ab0e1;65;65;65;0;3;46;46;46;2008;2115;1925;2115 1925 1984;1290 1303.3333333333333 1316 1328.6666666666667 1376.3333333333333 1389.3333333333333 1397 1403.6666666666667 1415.3333333333333 1426 1436 1448.6666666666667 1461 1476.3333333333333 1488.3333333333333 1499 1511.6666666666667 1526.3333333333333 1538.6666666666667 1551.6666666666667 1562.3333333333333 1575 1587.6666666666667 1600 1612 1624 1636.6666666666667 1650.3333333333333 1662.3333333333333 1674 1688.6666666666667 1702.3333333333333 1711.3333333333333 1720.6666666666667 1735.3333333333333 1750 1762.6666666666667 1774.6666666666667 1785 1796 1806.6666666666667 1821 1831.6666666666667 1844.3333333333333 1856 1870.3333333333333;1333 1346 1360 1375 1390 1404 1417 1430 1444 1458 1472 1490 1504 1520 1532 1542 1556 1576 1587 1598 1613 1628 1645 1658 1669 1683 1696 1714 1725 1738 1753 1769 1783 1795 1810 1829 1840 1851 1865 1880 1893 1910 1921 1938 1949 1964;1267 1281 1293 1305 1369 1374 1376 1382 1398 1408 1410 1421 1432 1450 1461 1468 1478 1490 1503 1515 1525 1534 1545 1557 1571 1583 1595 1607 1620 1629 1640 1654 1662 1670 1681 1692 1707 1720 1725 1733 1744 1754 1765 1776 1787 1803;30.430248109405877 30.180935851773864 31.123410267299864 32.765157645821816 9.672412085697939 12.256517540566822 16.753109164172084 19.871811414385174 20.417857108151406 22.686266036231405 26.280537792569366 29.780679792256066 31.016124838541646 31.09483701338357 31.201851796897497 31.379398762032817 32.72443871006635 36.353205574688396 35.4432253360529 34.56716489515576 37.14236873915765 39.30224760324359 42.1215173304835 42.57542327055207 41.57723736212721 42.7629122799964 43.08389748179965 45.98792111945146 45.21307578811933 46.48297179254642 47.44353368889051 48.705463987341524 51.86092513208336 53.704955285543456 54.591411615951294 57.867665121954474 56.41709748727675 55.63172556095028 58.87840577551898 61.82232606429493 63.089002387280004 65.55913361233506 65.67258856546533 68.51925925525529 68.27884006044626 68.31463158715627;79.40193112680993;"[[1333,1346,1360,1375,1390,1404,1417,1430,1444,1458,1472,1490,1504,1520,1532,1542,1556,1576,1587,1598,1613,1628,1645,1658,1669,1683,1696,1714,1725,1738,1753,1769,1783,1795,1810,1829,1840,1851,1865,1880,1893,1910,1921,1938,1949,1964],[1267,1281,1293,1306,1369,1390,1398,1399,1404,1408,1410,1421,1432,1450,1461,1468,1478,1490,1503,1515,1525,1534,1545,1557,1571,1583,1595,1607,1620,1629,1640,1654,1662,1670,1681,1692,1707,1720,1725,1733,1744,1754,1765,1776,1787,1803],[1270,1283,1295,1305,1370,1374,1376,1382,1398,1412,1426,1435,1447,1459,1472,1487,1501,1513,1526,1542,1549,1563,1573,1585,1596,1606,1619,1630,1642,1655,1673,1684,1689,1697,1715,1729,1741,1753,1765,1775,1783,1799,1809,1819,1832,1844]]"
interactive-discover-2;2;false;;0;113587781a953fec190d8e3339b06c26;48;48;48;0;3;32;32;32;1755.6666666666667;1792;1727;1792 1748 1727;1269.3333333333333 1333.3333333333333 1341 1350.3333333333333 1361.6666666666667 1372 1383.6666666666667 1394.6666666666667 1404.6666666666667 1418 1429.6666666666667 1439 1451.6666666666667 1463.3333333333333 1475.6666666666667 1487 1496.3333333333333 1507 1520 1530.3333333333333 1542 1552.6666666666667 1565 1577.3333333333333 1586.3333333333333 1599.3333333333333 1610 1620.6666666666667 1632 1646 1656 1667.3333333333333;1271 1337 1343 1351 1362 1374 1389 1400 1410 1422 1434 1446 1458 1470 1482 1498 1508 1519 1532 1543 1557 1570 1582 1593 1606 1620 1631 1642 1653 1665 1677 1689;1267 1328 1339 1350 1361 1368 1378 1389 1400 1416 1427 1435 1447 1460 1471 1480 1490 1499 1514 1523 1534 1543 1556 1566 1571 1584 1593 1605 1616 1633 1645 1655;1.699673171197595 3.8586123009300755 1.632993161855452 0.4714045207910317 0.4714045207910317 2.8284271247461903 4.496912521077347 4.496912521077347 4.109609335312651 2.8284271247461903 3.0912061651652345 4.96655480858378 4.642796092394706 4.714045207910316 4.642796092394706 7.874007874011811 8.259674462242577 8.640987597877148 8.48528137423857 8.993825042154693 10.614455552060438 12.283683848458853 12.027745701779143 11.440668201153676 14.613540144521982 15.173075568988057 15.769168230019828 15.627610892974724 15.513435037626794 13.73559851869101 14.854853303438128 15.369522511198006;27.084230754362505;"[[1270,1335,1341,1350,1362,1374,1389,1400,1410,1422,1434,1446,1458,1470,1482,1498,1508,1519,1532,1543,1557,1570,1582,1593,1606,1620,1631,1642,1653,1665,1677,1689],[1271,1328,1339,1350,1361,1374,1384,1395,1404,1416,1428,1435,1450,1460,1471,1480,1490,1499,1514,1525,1534,1543,1557,1573,1582,1594,1606,1615,1627,1640,1646,1655],[1267,1337,1343,1351,1362,1368,1378,1389,1400,1416,1427,1436,1447,1460,1474,1483,1491,1503,1514,1523,1535,1545,1556,1566,1571,1584,1593,1605,1616,1633,1645,1658]]"
interactive-discover-2;3;false;;0;23320e2cdf40e8165aa7fdff74171184;223;223;223;0;3;198;198;198;3934;4066;3812;3812 4066 3924;1339.6666666666667 1356.3333333333333 1373.6666666666667 1391.3333333333333 1407 1424.3333333333333 1443.3333333333333 1460 1476.6666666666667 1494.3333333333333 1511.6666666666667 1529 1547 1564 1578 1592 1606 1621 1636 1648.3333333333333 1664.3333333333333 1676.3333333333333 1689.6666666666667 1705.6666666666667 1718.3333333333333 1733 1747.6666666666667 1763 1775.6666666666667 1793.6666666666667 1805.6666666666667 1819 1831.6666666666667 1846 1859 1874 1887.3333333333333 1899.6666666666667 1914.6666666666667 1929.6666666666667 1942.6666666666667 1957 1971 1985.6666666666667 1999.3333333333333 2011.6666666666667 2026.6666666666667 2042.6666666666667 2055.3333333333335 2068.3333333333335 2081.6666666666665 2096.3333333333335 2110 2125.3333333333335 2139.6666666666665 2153 2167.3333333333335 2181.3333333333335 2193.6666666666665 2205 2220.3333333333335 2231 2243.3333333333335 2255 2266 2278.6666666666665 2291.3333333333335 2302.3333333333335 2314.3333333333335 2325.6666666666665 2337 2345.6666666666665 2357.3333333333335 2369.3333333333335 2382.6666666666665 2393.3333333333335 2402.3333333333335 2414.6666666666665 2425.3333333333335 2437.6666666666665 2447.3333333333335 2459.3333333333335 2470.3333333333335 2483.6666666666665 2494 2503.3333333333335 2513.6666666666665 2525.6666666666665 2537 2547.6666666666665 2558.3333333333335 2569.3333333333335 2582.3333333333335 2592.6666666666665 2604 2613.3333333333335 2624 2636.3333333333335 2646 2657 2667 2678.6666666666665 2688 2698.3333333333335 2709 2719 2729 2739.6666666666665 2750 2760.3333333333335 2771.3333333333335 2785 2804 2810.3333333333335 2820 2830 2837.3333333333335 2846.6666666666665 2859 2870.3333333333335 2883 2890.6666666666665 2906.3333333333335 2911.6666666666665 2939.3333333333335 2950 2970.3333333333335 2983.6666666666665 3004 3015.3333333333335 3018.6666666666665 3022 3033.3333333333335 3036.6666666666665 3043.6666666666665 3072 3075.6666666666665 3085.3333333333335 3088.6666666666665 3093 3099 3110.3333333333335 3116 3128.3333333333335 3134 3137 3147 3176.6666666666665 3181 3184.6666666666665 3201 3204.6666666666665 3212.3333333333335 3234.6666666666665 3238.3333333333335 3272 3275.6666666666665 3281 3284.6666666666665 3288.6666666666665 3292.6666666666665 3301.3333333333335 3309.6666666666665 3311.6666666666665 3323.3333333333335 3331 3342 3369.6666666666665 3374.6666666666665 3387.3333333333335 3392.3333333333335 3405 3414.6666666666665 3423 3434.3333333333335 3445.3333333333335 3455.6666666666665 3498.3333333333335 3517 3524 3532 3538.6666666666665 3546.3333333333335 3556 3562 3571.3333333333335 3580.6666666666665 3586.6666666666665 3597.3333333333335 3603 3608.3333333333335 3620.6666666666665 3637.3333333333335 3646.3333333333335 3657.3333333333335 3664.3333333333335 3675.3333333333335 3684.6666666666665;1343 1366 1382 1400 1415 1434 1453 1470 1488 1509 1525 1542 1562 1578 1595 1611 1624 1639 1653 1668 1688 1699 1714 1729 1744 1763 1774 1789 1804 1828 1839 1850 1865 1883 1895 1909 1924 1940 1955 1970 1986 2002 2015 2029 2048 2062 2074 2092 2104 2119 2134 2147 2163 2180 2197 2209 2223 2238 2254 2265 2279 2290 2306 2317 2329 2342 2353 2364 2375 2387 2398 2410 2423 2435 2449 2458 2470 2483 2495 2507 2517 2528 2540 2551 2563 2573 2585 2595 2607 2617 2629 2639 2651 2661 2674 2681 2692 2701 2712 2722 2733 2741 2751 2759 2769 2778 2789 2798 2808 2816 2827 2846 2882 2882 2892 2902 2902 2906 2920 2931 2935 2935 2956 2956 3015 3015 3067 3067 3117 3117 3117 3117 3121 3121 3124 3179 3179 3179 3179 3181 3181 3192 3192 3210 3210 3210 3210 3247 3247 3247 3285 3285 3285 3343 3343 3434 3434 3450 3450 3450 3450 3465 3465 3465 3465 3472 3472 3527 3527 3527 3527 3529 3529 3529 3529 3532 3543 3543 3543 3543 3545 3556 3578 3596 3614 3631 3648 3666 3683 3699 3715 3731 3746 3767 3780 3794 3803 3816;1338 1349 1365 1384 1399 1413 1430 1448 1462 1476 1495 1510 1525 1544 1555 1567 1581 1594 1610 1620 1636 1648 1659 1675 1687 1698 1716 1731 1742 1756 1769 1782 1792 1804 1814 1831 1843 1853 1868 1882 1893 1906 1919 1935 1945 1958 1974 1988 2001 2012 2020 2036 2047 2062 2073 2087 2103 2113 2124 2138 2151 2161 2173 2183 2195 2206 2217 2227 2239 2249 2263 2272 2283 2295 2309 2321 2327 2339 2349 2361 2371 2383 2393 2408 2418 2428 2438 2448 2459 2471 2482 2492 2505 2515 2525 2538 2548 2560 2570 2582 2592 2606 2615 2626 2637 2647 2656 2667 2676 2687 2698 2709 2719 2729 2737 2747 2760 2774 2779 2788 2797 2808 2819 2827 2838 2848 2857 2867 2877 2887 2897 2907 2916 2926 2936 2946 2957 2967 2977 2988 2999 3011 3028 3035 3047 3056 3066 3072 3085 3091 3102 3113 3129 3138 3149 3159 3169 3169 3180 3192 3203 3214 3229 3232 3243 3259 3276 3291 3291 3312 3312 3330 3343 3351 3369 3377 3377 3469 3493 3514 3515 3515 3516 3516 3516 3516 3527 3527 3542 3542 3542 3557 3582 3582 3592 3592 3602 3602;2.3570226039551585 7.133644853010899 6.944222218666553 6.599663291074443 6.531972647421808 8.65383665716478 9.741092797468305 9.092121131323903 10.873004286866728 13.719410418171119 12.472191289246473 13.73559851869101 15.895492023421818 14.514360704718161 16.87206764645835 18.457157599876172 18.239152027072603 19.44222209522358 18.672618098881223 20.531818125912658 21.483844059096025 21.202725191719 22.89589968143253 22.64705033528404 23.612614331233114 26.770630673681683 23.976840677805924 24.055491403558285 25.590796956892312 29.48822740612863 28.674417556808756 28.083209693100727 30.136725472788548 32.44482495971687 33.67491648096547 32.341923257592455 33.50953429829918 35.798820588890294 35.798820588890294 36.29814810090944 38.23029630483598 39.42080668885405 39.59797974644666 38.724095283886946 42.24005471376928 42.52319628417203 40.99864496405812 42.62497963505541 42.24005471376928 43.86595744107522 47.00590979393501 45.82818152864264 47.88179890800539 48.56153027059817 51.051172584204394 50.30573194643595 49.37160677510461 51.69354139756941 53.48104544810453 52.083266666624 52.797306328595546 53.23532661682466 54.5669822837543 55.16037224916694 54.996969613485675 55.912630256698016 56.239566933689034 56.75874871379351 56.482052213267025 57.372079930533765 55.87486017879597 56.72350091060631 57.48236444529941 57.48236444529941 57.38950736463553 56.19213072624631 58.6306707752483 59.01600536201081 59.79037455049841 59.82938705649219 59.79037455049841 59.44371754488068 60.25685760881402 58.67613559948276 59.40258131316068 59.33146064460425 60.09067222863203 60.30109636003497 60.68497892120147 59.82938705649219 60.14611837480085 60.25685760881402 59.91846311632352 59.9685102551516 61.16098974564315 58.6306707752483 59.0592922409336 58.151144060590546 58.40091323486874 57.590508477236654 57.91372894228103 55.59576322786557 55.97023018236272 54.92014404771916 54.55272678794342 54.264782932088345 55.06965286495518 54.43242497711166 55.06359959174482 54.12536887223547 54.12536887223547 56.92685365156471 66.72830483885132 62.83488061755368 63.75473838599502 63.75473838599502 58.6590904198905 54.70730197047638 59.1100668245266 60.35634920113119 61.25357132445422 58.50546033396275 61.94800687314771 59.89064107929459 74.50428772150559 73.02510983673127 86.53836657164779 84.98365855987974 98.47842403288143 95.77171932372427 91.31751687868483 86.89073598491383 86.27990624833932 81.75709279458401 79.14683962245253 96.06594956938002 91.27735510823895 88.28866795285163 83.8344930337282 79.7036176510619 75.38346414610214 74.94145863420475 67.4882705858334 71.91816336797139 66.99751239163038 63.12421616675067 60.149812967290266 75.45565290656198 69.45502141674135 67.4306227828936 75.45859791965393 70.67452786463372 64.13180871368661 84.09650541028576 79.9388655299925 117.4932622181658 114.18795421973759 121.5922146630559 118.28026979265063 114.82547142898603 111.6134201409291 115.81690530987069 109.86456308665785 108.45070564802958 100.47332426514457 99.70957827611147 91.92750767135301 111.25146690668348 107.88986153583765 98.86129452700665 95.81347620362294 88.32138283941589 81.7081527280003 76.54192750817468 68.53385213811411 64.59274125025368 68.04573625306895 32.097074979228594 20.46134567096374 13.4412301024373 12.569805089976535 17.326921891156037 25.32894698868383 32.65986323710904 40.2326567189723 47.04843839656695 50.33443707399096 58.425641250700494 61.42927279038517 68.70710783220807 76.16794309652555 78.32553152637325 76.84327484490031 85.3867020612044 86.79989759338557 91.89244921222975 90.60659774848384 93.89829012761035;103.93587766823671;"[[1338,1349,1365,1384,1399,1413,1430,1448,1462,1476,1495,1510,1525,1544,1555,1567,1581,1594,1610,1620,1636,1648,1659,1675,1687,1698,1716,1731,1742,1756,1769,1782,1792,1804,1814,1831,1843,1853,1868,1882,1893,1906,1919,1935,1945,1958,1974,1988,2001,2012,2020,2036,2047,2062,2073,2087,2103,2113,2124,2138,2151,2161,2173,2183,2195,2206,2217,2227,2239,2249,2263,2272,2283,2295,2309,2321,2327,2339,2349,2361,2371,2383,2393,2408,2418,2428,2438,2448,2459,2471,2482,2492,2505,2515,2525,2538,2548,2560,2570,2582,2592,2606,2615,2626,2637,2647,2656,2667,2676,2687,2698,2709,2719,2729,2737,2747,2760,2774,2779,2788,2797,2808,2819,2827,2838,2848,2857,2867,2877,2887,2897,2907,2916,2926,2936,2946,2957,2967,2977,2988,2999,3011,3028,3035,3047,3056,3066,3072,3085,3091,3102,3113,3129,3138,3149,3159,3169,3169,3180,3192,3203,3214,3235,3238,3262,3262,3278,3291,3291,3312,3312,3330,3343,3351,3369,3377,3377,3483,3515,3515,3515,3515,3516,3516,3516,3516,3527,3527,3542,3542,3542,3557,3582,3582,3592,3592,3602,3602],[1343,1366,1382,1400,1415,1434,1453,1470,1488,1509,1525,1542,1562,1578,1595,1611,1624,1639,1653,1668,1688,1699,1714,1729,1744,1763,1774,1789,1804,1828,1839,1850,1865,1883,1895,1909,1924,1940,1955,1970,1986,2002,2015,2029,2048,2062,2074,2092,2104,2119,2134,2147,2163,2180,2197,2209,2223,2238,2254,2265,2279,2290,2306,2317,2329,2342,2353,2364,2375,2387,2398,2410,2423,2435,2449,2458,2470,2483,2495,2507,2517,2528,2540,2551,2563,2573,2585,2595,2607,2617,2629,2639,2651,2661,2674,2681,2692,2701,2712,2722,2733,2741,2751,2759,2769,2778,2789,2798,2808,2816,2827,2846,2882,2882,2892,2902,2902,2906,2920,2931,2935,2935,2956,2956,3015,3015,3067,3067,3117,3117,3117,3117,3121,3121,3124,3179,3179,3179,3179,3181,3181,3192,3192,3210,3210,3210,3210,3211,3211,3216,3216,3216,3223,3223,3223,3223,3224,3224,3224,3224,3225,3225,3229,3232,3243,3259,3276,3291,3306,3323,3338,3356,3372,3389,3405,3427,3447,3469,3493,3514,3536,3556,3578,3596,3614,3631,3648,3666,3683,3699,3715,3731,3746,3767,3780,3794,3803,3816],[1338,1354,1374,1390,1407,1426,1447,1462,1480,1498,1515,1535,1554,1570,1584,1598,1613,1630,1645,1657,1669,1682,1696,1713,1724,1738,1753,1769,1781,1797,1809,1825,1838,1851,1868,1882,1895,1906,1921,1937,1949,1963,1979,1993,2005,2015,2032,2048,2061,2074,2091,2106,2120,2134,2149,2163,2176,2193,2203,2212,2231,2242,2251,2265,2274,2288,2304,2316,2329,2341,2350,2355,2366,2378,2390,2401,2410,2422,2432,2445,2454,2467,2478,2492,2501,2509,2518,2534,2545,2555,2564,2577,2591,2602,2613,2621,2632,2648,2656,2667,2676,2689,2698,2710,2721,2732,2742,2754,2766,2778,2789,2800,2811,2820,2831,2841,2850,2860,2878,2892,2917,2929,2944,2952,2965,2987,2987,3017,3018,3042,3042,3042,3063,3063,3071,3091,3091,3110,3110,3110,3117,3128,3128,3140,3145,3145,3165,3247,3247,3247,3285,3285,3285,3343,3343,3434,3434,3450,3450,3450,3450,3465,3465,3465,3465,3472,3472,3527,3527,3527,3527,3529,3529,3529,3529,3532,3543,3543,3543,3543,3545,3545,3545,3556,3556,3567,3567,3567,3567,3568,3568,3574,3584,3590,3600,3607,3621,3636]]"
interactive-discover-2;4;false;;0;a7ea80830c1f3358609f53e0ce62fd9a;461;461;461;0;3;98;98;98;9201.333333333334;9846;8824;8934 8824 9846;1356 1377 1396 1417.3333333333333 1440.3333333333333 1460.3333333333333 1480 1501.6666666666667 1522.6666666666667 1544.3333333333333 1567 1586.6666666666667 1607.6666666666667 1628.6666666666667 1649.6666666666667 1670 1693 1712 1734.3333333333333 1755 1775.3333333333333 1797.6666666666667 1817.6666666666667 1839 1861.3333333333333 1881 1904 1923.6666666666667 1944.6666666666667 1966 1987 2007 2028.3333333333333 2049.3333333333335 2071.6666666666665 2091 2114 2133.3333333333335 2156.3333333333335 2175.6666666666665 2197 2217 2243.3333333333335 2265 2282.3333333333335 2301.6666666666665 2323.3333333333335 2344.3333333333335 2365.6666666666665 2388.3333333333335 2409.6666666666665 2429.6666666666665 2453 2470.3333333333335 2491.6666666666665 2513.3333333333335 2534 2554.6666666666665 2576.6666666666665 2597.3333333333335 2613 2626.3333333333335 2639.3333333333335 2656.6666666666665 2664 2670.6666666666665 2683 2694 2703.6666666666665 2716.3333333333335 2727 2739.3333333333335 2751.6666666666665 2763.6666666666665 2778.6666666666665 2790.6666666666665 2802.6666666666665 2813.6666666666665 2826 2837 2849 2865 2883 2897.3333333333335 2902.6666666666665 2912 2923.3333333333335 2936.6666666666665 2948.3333333333335 2964 3891.3333333333335 3913 3939 5115.333333333333 5385.666666666667 5460.666666666667 7257.333333333333 7291;1361 1381 1404 1426 1450 1469 1491 1513 1535 1557 1582 1603 1624 1645 1668 1689 1714 1734 1756 1777 1801 1824 1844 1867 1889 1911 1935 1955 1977 2000 2023 2043 2064 2088 2111 2131 2154 2175 2201 2219 2241 2262 2299 2319 2329 2348 2373 2396 2417 2443 2463 2484 2508 2528 2551 2574 2596 2616 2640 2661 2677 2691 2702 2715 2724 2734 2746 2759 2768 2781 2793 2805 2818 2829 2850 2862 2873 2885 2895 2905 2914 2926 2937 2952 2963 2974 2985 3000 3010 3022 3975 4011 4029 5337 5418 5491 7478 7503;1351 1371 1391 1412 1435 1455 1474 1496 1516 1536 1556 1575 1595 1615 1637 1655 1677 1695 1716 1737 1755 1775 1795 1815 1837 1856 1875 1897 1917 1936 1956 1976 1998 2016 2036 2056 2079 2096 2116 2137 2159 2176 2197 2218 2239 2257 2279 2298 2318 2340 2361 2379 2404 2417 2436 2459 2479 2497 2520 2540 2553 2568 2572 2581 2594 2604 2617 2628 2641 2656 2665 2677 2689 2704 2717 2728 2741 2752 2764 2775 2791 2807 2835 2841 2843 2850 2865 2881 2896 2919 3784 3797 3837 4772 5365 5438 7124 7158;4.08248290463863 4.320493798938574 5.715476066494082 6.182412330330469 6.847546194724712 6.182412330330469 7.788880963698615 8.013876853447538 8.73053390247253 9.104333522498441 10.98483803552272 11.897712198383164 12.119772641798562 12.391753530294071 13.274871834493252 14.165686240583852 15.513435037626794 16.30950643030009 16.49915822768611 16.57307052620807 19.154343864744856 20.171487027209693 20.171487027209693 21.416504538945347 21.35935912480106 22.73030282830976 24.535688292770594 23.907228102721476 24.71616654922217 26.280537792569366 27.58018612458347 27.58018612458347 27.207025236549146 29.634814361190493 30.728199137310703 30.822070014844883 30.822070014844883 32.396844839514166 34.83612429010374 33.6386021641143 33.7441352929167 35.223098481914775 42.16106682183879 41.52910625894406 36.81787005729087 37.16928241916375 38.56019824753095 40.18568014714805 40.49965706301996 42.28737662970148 41.77186719418811 42.94440850939994 42.66927075386533 45.419036635411906 47.020090268829655 47.16166051171462 48.02082881417188 48.65068230650922 49.21607686744467 49.60062723617739 50.701742244884116 50.41384289612879 53.17476427362471 56.06147419475239 53.54126134736337 53.124591501697424 52.706735812417755 53.485200445232195 51.86092513208336 51.12294548982439 52.33227175144097 52.30891149911478 52.72781260608316 51.188106257432715 54.72557801329182 55.04745427558137 54.23610933276423 54.72557801329182 53.70909296075169 53.241587754937086 50.457903246171455 48.62783839187864 41.8568990729127 45.330882286680556 48.99206284922306 50.622788017519014 49.04646323187387 48.883080463035014 47.00590979393501 43.04261454264444 79.75100138695578 88.2874094458925 78.8416133777081 246.18195619410363 23.156472577277874 22.305953365762143 157.1609224825165 151.51897570931504;458.054824472161;"[[1356,1379,1393,1414,1436,1455,1474,1496,1516,1536,1556,1575,1595,1615,1637,1655,1677,1695,1716,1737,1755,1775,1795,1815,1837,1856,1875,1897,1917,1936,1956,1976,1998,2016,2036,2056,2079,2096,2116,2137,2159,2176,2197,2218,2239,2257,2279,2298,2318,2340,2361,2379,2404,2417,2436,2459,2479,2497,2520,2540,2553,2568,2572,2581,2594,2604,2617,2628,2641,2656,2665,2677,2689,2704,2717,2728,2741,2752,2764,2775,2791,2807,2835,2841,2843,2850,2865,2881,2896,2919,3784,3797,3837,4772,5374,5438,7170,7212],[1361,1381,1404,1426,1450,1469,1491,1513,1535,1557,1582,1603,1624,1645,1668,1689,1714,1734,1756,1777,1801,1824,1844,1867,1889,1911,1935,1955,1977,2000,2023,2043,2064,2088,2111,2131,2154,2175,2201,2219,2241,2262,2299,2319,2329,2348,2373,2396,2417,2443,2463,2484,2508,2528,2551,2574,2596,2616,2640,2661,2677,2691,2702,2715,2724,2734,2746,2759,2768,2781,2793,2805,2818,2829,2850,2862,2873,2885,2895,2905,2914,2926,2937,2952,2963,2974,2985,3000,3010,3022,3975,4011,4029,5337,5418,5491,7478,7503],[1351,1371,1391,1412,1435,1457,1475,1496,1517,1540,1563,1582,1604,1626,1644,1666,1688,1707,1731,1751,1770,1794,1814,1835,1858,1876,1902,1919,1940,1962,1982,2002,2023,2044,2068,2086,2109,2129,2152,2171,2191,2213,2234,2258,2279,2300,2318,2339,2362,2382,2405,2426,2447,2466,2488,2507,2527,2551,2570,2591,2609,2620,2644,2674,2674,2674,2686,2695,2702,2712,2723,2736,2748,2758,2769,2782,2794,2804,2819,2831,2842,2862,2877,2899,2902,2912,2920,2929,2939,2951,3915,3931,3951,5237,5365,5453,7124,7158]]"
interactive-discover-3;0;false;;0;f73f381559d96d678c3627e6da228898;589;589;589;0;3;71;71;71;15010.666666666666;15376;14674;14674 15376 14982;15009.666666666666 15009.666666666666 15009.666666666666 15009.666666666666 15009.666666666666 15009.666666666666 15010 15010 15010 15010 15010 15010 15010 15010 15010 15010 15010 15010 15010 15010 15010 15010 15010 15010 15010 15010 15010 15010 15010 15010.333333333334 15010.333333333334 15010.333333333334 15010.333333333334 15010.333333333334 15010.333333333334 15010.333333333334 15010.333333333334 15010.333333333334 15010.333333333334 15010.333333333334 15010.333333333334 15010.333333333334 15010.333333333334 15010.333333333334 15010.333333333334 15010.333333333334 15010.333333333334 15010.333333333334 15010.333333333334 15010.333333333334 15010.333333333334 15010.333333333334 15010.333333333334 15010.333333333334 15010.333333333334 15010.333333333334 15010.333333333334 15010.333333333334 15010.333333333334 15010.333333333334 15010.666666666666 15010.666666666666 15010.666666666666 15010.666666666666 15010.666666666666 15010.666666666666 15010.666666666666 15010.666666666666 15010.666666666666 15010.666666666666 15010.666666666666;15375 15375 15375 15375 15375 15375 15376 15376 15376 15376 15376 15376 15376 15376 15376 15376 15376 15376 15376 15376 15376 15376 15376 15376 15376 15376 15376 15376 15376 15376 15376 15376 15376 15376 15376 15376 15376 15376 15376 15376 15376 15376 15376 15376 15376 15376 15376 15376 15376 15376 15376 15376 15376 15376 15376 15376 15376 15376 15376 15376 15376 15376 15376 15376 15376 15376 15376 15376 15376 15376 15376;14673 14673 14673 14673 14673 14673 14673 14673 14673 14673 14673 14673 14673 14673 14673 14673 14673 14673 14673 14673 14673 14673 14673 14673 14673 14673 14673 14673 14673 14673 14673 14673 14673 14673 14673 14673 14673 14673 14673 14673 14673 14673 14673 14673 14673 14673 14673 14673 14673 14673 14673 14673 14673 14673 14673 14673 14673 14673 14673 14673 14674 14674 14674 14674 14674 14674 14674 14674 14674 14674 14674;287.3062632260023 287.3062632260023 287.3062632260023 287.3062632260023 287.3062632260023 287.3062632260023 287.73019769684703 287.73019769684703 287.73019769684703 287.73019769684703 287.73019769684703 287.73019769684703 287.73019769684703 287.73019769684703 287.73019769684703 287.73019769684703 287.73019769684703 287.73019769684703 287.73019769684703 287.73019769684703 287.73019769684703 287.73019769684703 287.73019769684703 287.73019769684703 287.73019769684703 287.73019769684703 287.73019769684703 287.73019769684703 287.73019769684703 287.696985656012 287.696985656012 287.696985656012 287.696985656012 287.696985656012 287.696985656012 287.696985656012 287.696985656012 287.696985656012 287.696985656012 287.696985656012 287.696985656012 287.696985656012 287.696985656012 287.696985656012 287.696985656012 287.696985656012 287.696985656012 287.696985656012 287.696985656012 287.696985656012 287.696985656012 287.696985656012 287.696985656012 287.696985656012 287.696985656012 287.696985656012 287.696985656012 287.696985656012 287.696985656012 287.696985656012 287.3062632260023 287.3062632260023 287.3062632260023 287.3062632260023 287.3062632260023 287.3062632260023 287.3062632260023 287.3062632260023 287.3062632260023 287.3062632260023 287.3062632260023;287.3062632260023;"[[14673,14673,14673,14673,14673,14673,14673,14673,14673,14673,14673,14673,14673,14673,14673,14673,14673,14673,14673,14673,14673,14673,14673,14673,14673,14673,14673,14673,14673,14673,14673,14673,14673,14673,14673,14673,14673,14673,14673,14673,14673,14673,14673,14673,14673,14673,14673,14673,14673,14673,14673,14673,14673,14673,14673,14673,14673,14673,14673,14673,14674,14674,14674,14674,14674,14674,14674,14674,14674,14674,14674],[15375,15375,15375,15375,15375,15375,15376,15376,15376,15376,15376,15376,15376,15376,15376,15376,15376,15376,15376,15376,15376,15376,15376,15376,15376,15376,15376,15376,15376,15376,15376,15376,15376,15376,15376,15376,15376,15376,15376,15376,15376,15376,15376,15376,15376,15376,15376,15376,15376,15376,15376,15376,15376,15376,15376,15376,15376,15376,15376,15376,15376,15376,15376,15376,15376,15376,15376,15376,15376,15376,15376],[14981,14981,14981,14981,14981,14981,14981,14981,14981,14981,14981,14981,14981,14981,14981,14981,14981,14981,14981,14981,14981,14981,14981,14981,14981,14981,14981,14981,14981,14982,14982,14982,14982,14982,14982,14982,14982,14982,14982,14982,14982,14982,14982,14982,14982,14982,14982,14982,14982,14982,14982,14982,14982,14982,14982,14982,14982,14982,14982,14982,14982,14982,14982,14982,14982,14982,14982,14982,14982,14982,14982]]"
interactive-discover-3;1;false;;0;d530ff9771c704dd461c13ed95124d61;193;193;193;0;3;67;67;67;4125.333333333333;4223;4010;4223 4143 4010;4124.333333333333 4124.333333333333 4124.333333333333 4124.333333333333 4124.333333333333 4124.333333333333 4124.333333333333 4124.333333333333 4124.333333333333 4124.333333333333 4124.333333333333 4124.333333333333 4124.333333333333 4124.666666666667 4124.666666666667 4124.666666666667 4124.666666666667 4124.666666666667 4124.666666666667 4124.666666666667 4124.666666666667 4124.666666666667 4124.666666666667 4124.666666666667 4124.666666666667 4124.666666666667 4124.666666666667 4124.666666666667 4124.666666666667 4124.666666666667 4124.666666666667 4124.666666666667 4124.666666666667 4124.666666666667 4124.666666666667 4124.666666666667 4124.666666666667 4124.666666666667 4124.666666666667 4124.666666666667 4124.666666666667 4124.666666666667 4124.666666666667 4124.666666666667 4124.666666666667 4124.666666666667 4124.666666666667 4124.666666666667 4124.666666666667 4124.666666666667 4124.666666666667 4124.666666666667 4124.666666666667 4124.666666666667 4124.666666666667 4124.666666666667 4124.666666666667 4124.666666666667 4124.666666666667 4124.666666666667 4124.666666666667 4124.666666666667 4124.666666666667 4124.666666666667 4124.666666666667 4124.666666666667 4124.666666666667;4222 4222 4222 4222 4222 4222 4222 4222 4222 4222 4222 4222 4222 4222 4222 4222 4222 4222 4222 4222 4222 4222 4222 4222 4222 4222 4222 4222 4222 4222 4222 4222 4222 4222 4222 4222 4222 4222 4222 4222 4222 4222 4222 4222 4222 4222 4222 4222 4222 4222 4222 4222 4222 4222 4222 4222 4222 4222 4222 4222 4222 4222 4222 4222 4222 4222 4222;4009 4009 4009 4009 4009 4009 4009 4009 4009 4009 4009 4009 4009 4009 4009 4009 4009 4009 4009 4009 4009 4009 4009 4009 4009 4009 4009 4009 4009 4009 4009 4009 4009 4009 4009 4009 4009 4009 4009 4009 4009 4009 4009 4009 4009 4009 4009 4009 4009 4009 4009 4009 4009 4009 4009 4009 4009 4009 4009 4009 4009 4009 4009 4009 4009 4009 4009;87.84961898355368 87.84961898355368 87.84961898355368 87.84961898355368 87.84961898355368 87.84961898355368 87.84961898355368 87.84961898355368 87.84961898355368 87.84961898355368 87.84961898355368 87.84961898355368 87.84961898355368 87.91789098673577 87.91789098673577 87.91789098673577 87.91789098673577 87.91789098673577 87.91789098673577 87.91789098673577 87.91789098673577 87.91789098673577 87.91789098673577 87.91789098673577 87.91789098673577 87.91789098673577 87.91789098673577 87.91789098673577 87.91789098673577 87.91789098673577 87.91789098673577 87.91789098673577 87.91789098673577 87.91789098673577 87.91789098673577 87.91789098673577 87.91789098673577 87.91789098673577 87.91789098673577 87.91789098673577 87.91789098673577 87.91789098673577 87.91789098673577 87.91789098673577 87.91789098673577 87.91789098673577 87.91789098673577 87.91789098673577 87.91789098673577 87.91789098673577 87.91789098673577 87.91789098673577 87.91789098673577 87.91789098673577 87.91789098673577 87.91789098673577 87.91789098673577 87.91789098673577 87.91789098673577 87.91789098673577 87.91789098673577 87.91789098673577 87.91789098673577 87.91789098673577 87.91789098673577 87.91789098673577 87.91789098673577;87.84961898355368;"[[4222,4222,4222,4222,4222,4222,4222,4222,4222,4222,4222,4222,4222,4222,4222,4222,4222,4222,4222,4222,4222,4222,4222,4222,4222,4222,4222,4222,4222,4222,4222,4222,4222,4222,4222,4222,4222,4222,4222,4222,4222,4222,4222,4222,4222,4222,4222,4222,4222,4222,4222,4222,4222,4222,4222,4222,4222,4222,4222,4222,4222,4222,4222,4222,4222,4222,4222],[4142,4142,4142,4142,4142,4142,4142,4142,4142,4142,4142,4142,4142,4143,4143,4143,4143,4143,4143,4143,4143,4143,4143,4143,4143,4143,4143,4143,4143,4143,4143,4143,4143,4143,4143,4143,4143,4143,4143,4143,4143,4143,4143,4143,4143,4143,4143,4143,4143,4143,4143,4143,4143,4143,4143,4143,4143,4143,4143,4143,4143,4143,4143,4143,4143,4143,4143],[4009,4009,4009,4009,4009,4009,4009,4009,4009,4009,4009,4009,4009,4009,4009,4009,4009,4009,4009,4009,4009,4009,4009,4009,4009,4009,4009,4009,4009,4009,4009,4009,4009,4009,4009,4009,4009,4009,4009,4009,4009,4009,4009,4009,4009,4009,4009,4009,4009,4009,4009,4009,4009,4009,4009,4009,4009,4009,4009,4009,4009,4009,4009,4009,4009,4009,4009]]"
interactive-discover-3;2;false;;0;f5163cb91864e0c46c72cbb87d71e580;132;132;132;0;3;55;55;55;3184.6666666666665;3222;3142;3222 3190 3142;3183.3333333333335 3183.3333333333335 3183.3333333333335 3183.3333333333335 3183.3333333333335 3183.3333333333335 3183.3333333333335 3183.3333333333335 3183.3333333333335 3183.3333333333335 3183.3333333333335 3183.3333333333335 3183.3333333333335 3183.3333333333335 3183.3333333333335 3183.3333333333335 3183.3333333333335 3183.3333333333335 3183.6666666666665 3183.6666666666665 3183.6666666666665 3183.6666666666665 3183.6666666666665 3183.6666666666665 3183.6666666666665 3183.6666666666665 3183.6666666666665 3183.6666666666665 3183.6666666666665 3183.6666666666665 3183.6666666666665 3183.6666666666665 3183.6666666666665 3183.6666666666665 3183.6666666666665 3183.6666666666665 3183.6666666666665 3183.6666666666665 3183.6666666666665 3183.6666666666665 3183.6666666666665 3183.6666666666665 3183.6666666666665 3183.6666666666665 3183.6666666666665 3183.6666666666665 3183.6666666666665 3183.6666666666665 3183.6666666666665 3183.6666666666665 3183.6666666666665 3183.6666666666665 3183.6666666666665 3183.6666666666665 3183.6666666666665;3221 3221 3221 3221 3221 3221 3221 3221 3221 3221 3221 3221 3221 3221 3221 3221 3221 3221 3221 3221 3221 3221 3221 3221 3221 3221 3221 3221 3221 3221 3221 3221 3221 3221 3221 3221 3221 3221 3221 3221 3221 3221 3221 3221 3221 3221 3221 3221 3221 3221 3221 3221 3221 3221 3221;3140 3140 3140 3140 3140 3140 3140 3140 3140 3140 3140 3140 3140 3140 3140 3140 3140 3140 3141 3141 3141 3141 3141 3141 3141 3141 3141 3141 3141 3141 3141 3141 3141 3141 3141 3141 3141 3141 3141 3141 3141 3141 3141 3141 3141 3141 3141 3141 3141 3141 3141 3141 3141 3141 3141;33.30999182761166 33.30999182761166 33.30999182761166 33.30999182761166 33.30999182761166 33.30999182761166 33.30999182761166 33.30999182761166 33.30999182761166 33.30999182761166 33.30999182761166 33.30999182761166 33.30999182761166 33.30999182761166 33.30999182761166 33.30999182761166 33.30999182761166 33.30999182761166 32.87687468250121 32.87687468250121 32.87687468250121 32.87687468250121 32.87687468250121 32.87687468250121 32.87687468250121 32.87687468250121 32.87687468250121 32.87687468250121 32.87687468250121 32.87687468250121 32.87687468250121 32.87687468250121 32.87687468250121 32.87687468250121 32.87687468250121 32.87687468250121 32.87687468250121 32.87687468250121 32.87687468250121 32.87687468250121 32.87687468250121 32.87687468250121 32.87687468250121 32.87687468250121 32.87687468250121 32.87687468250121 32.87687468250121 32.87687468250121 32.87687468250121 32.87687468250121 32.87687468250121 32.87687468250121 32.87687468250121 32.87687468250121 32.87687468250121;32.87687468250121;"[[3221,3221,3221,3221,3221,3221,3221,3221,3221,3221,3221,3221,3221,3221,3221,3221,3221,3221,3221,3221,3221,3221,3221,3221,3221,3221,3221,3221,3221,3221,3221,3221,3221,3221,3221,3221,3221,3221,3221,3221,3221,3221,3221,3221,3221,3221,3221,3221,3221,3221,3221,3221,3221,3221,3221],[3189,3189,3189,3189,3189,3189,3189,3189,3189,3189,3189,3189,3189,3189,3189,3189,3189,3189,3189,3189,3189,3189,3189,3189,3189,3189,3189,3189,3189,3189,3189,3189,3189,3189,3189,3189,3189,3189,3189,3189,3189,3189,3189,3189,3189,3189,3189,3189,3189,3189,3189,3189,3189,3189,3189],[3140,3140,3140,3140,3140,3140,3140,3140,3140,3140,3140,3140,3140,3140,3140,3140,3140,3140,3141,3141,3141,3141,3141,3141,3141,3141,3141,3141,3141,3141,3141,3141,3141,3141,3141,3141,3141,3141,3141,3141,3141,3141,3141,3141,3141,3141,3141,3141,3141,3141,3141,3141,3141,3141,3141]]"
interactive-discover-3;3;false;;0;b06e483e5dad42273e4331741e73598b;429;429;429;0;3;203;203;203;9377.333333333334;9509;9250;9250 9509 9373;9374 9374 9374 9374 9374 9374 9374 9374 9374 9374 9374 9374 9374.333333333334 9374.333333333334 9374.333333333334 9374.333333333334 9374.333333333334 9374.333333333334 9374.333333333334 9374.333333333334 9374.333333333334 9374.333333333334 9374.333333333334 9374.333333333334 9374.333333333334 9374.333333333334 9374.333333333334 9374.333333333334 9374.333333333334 9374.333333333334 9374.333333333334 9374.666666666666 9374.666666666666 9374.666666666666 9374.666666666666 9374.666666666666 9374.666666666666 9374.666666666666 9374.666666666666 9374.666666666666 9374.666666666666 9374.666666666666 9374.666666666666 9374.666666666666 9374.666666666666 9374.666666666666 9374.666666666666 9374.666666666666 9374.666666666666 9374.666666666666 9374.666666666666 9374.666666666666 9375 9375 9375 9375 9375 9375 9375 9375 9375 9375 9375 9375 9375 9375 9375 9375 9375 9375 9375 9375 9375.333333333334 9375.333333333334 9375.333333333334 9375.333333333334 9375.333333333334 9375.333333333334 9375.333333333334 9375.333333333334 9375.333333333334 9375.333333333334 9375.333333333334 9375.333333333334 9375.333333333334 9375.666666666666 9375.666666666666 9375.666666666666 9375.666666666666 9375.666666666666 9375.666666666666 9375.666666666666 9375.666666666666 9375.666666666666 9375.666666666666 9375.666666666666 9375.666666666666 9375.666666666666 9375.666666666666 9375.666666666666 9375.666666666666 9375.666666666666 9375.666666666666 9375.666666666666 9375.666666666666 9375.666666666666 9375.666666666666 9375.666666666666 9375.666666666666 9375.666666666666 9375.666666666666 9375.666666666666 9375.666666666666 9375.666666666666 9375.666666666666 9375.666666666666 9376 9376 9376 9376 9376 9376 9376 9376 9376 9376 9376 9376 9376 9376 9376 9376 9376.333333333334 9376.333333333334 9376.333333333334 9376.333333333334 9376.333333333334 9376.333333333334 9376.333333333334 9376.333333333334 9376.333333333334 9376.333333333334 9376.333333333334 9376.333333333334 9376.333333333334 9376.333333333334 9376.333333333334 9376.333333333334 9376.333333333334 9376.333333333334 9376.333333333334 9376.333333333334 9376.666666666666 9376.666666666666 9376.666666666666 9376.666666666666 9376.666666666666 9376.666666666666 9376.666666666666 9376.666666666666 9376.666666666666 9376.666666666666 9376.666666666666 9376.666666666666 9377 9377 9377 9377 9377 9377 9377 9377 9377 9377 9377 9377 9377 9377 9377 9377 9377 9377 9377 9377 9377 9377 9377 9377 9377 9377 9377 9377 9377 9377 9377 9377 9377 9377 9377 9377 9377 9377 9377;9505 9505 9505 9505 9505 9505 9505 9505 9505 9505 9505 9505 9505 9505 9505 9505 9505 9505 9505 9505 9505 9505 9505 9505 9505 9505 9505 9505 9505 9505 9505 9506 9506 9506 9506 9506 9506 9506 9506 9506 9506 9506 9506 9506 9506 9506 9506 9506 9506 9506 9506 9506 9506 9506 9506 9506 9506 9506 9506 9506 9506 9506 9506 9506 9506 9506 9506 9506 9506 9506 9506 9506 9506 9506 9506 9506 9506 9506 9506 9506 9506 9506 9506 9506 9506 9507 9507 9507 9507 9507 9507 9507 9507 9507 9507 9507 9507 9507 9507 9507 9507 9507 9507 9507 9507 9507 9507 9507 9507 9507 9507 9507 9507 9507 9507 9507 9507 9507 9507 9507 9507 9507 9507 9507 9507 9507 9507 9507 9507 9507 9507 9507 9508 9508 9508 9508 9508 9508 9508 9508 9508 9508 9508 9508 9508 9508 9508 9508 9508 9508 9508 9508 9508 9508 9508 9508 9508 9508 9508 9508 9508 9508 9508 9508 9508 9508 9508 9508 9508 9508 9508 9508 9508 9508 9508 9508 9508 9508 9508 9508 9508 9508 9508 9508 9508 9508 9508 9508 9508 9508 9508 9508 9508 9508 9508 9508 9508 9508 9508 9508 9508 9508 9508;9247 9247 9247 9247 9247 9247 9247 9247 9247 9247 9247 9247 9247 9247 9247 9247 9247 9247 9247 9247 9247 9247 9247 9247 9247 9247 9247 9247 9247 9247 9247 9247 9247 9247 9247 9247 9247 9247 9247 9247 9247 9247 9247 9247 9247 9247 9247 9247 9247 9247 9247 9247 9247 9247 9247 9247 9247 9247 9247 9247 9247 9247 9247 9247 9247 9247 9247 9247 9247 9247 9247 9247 9248 9248 9248 9248 9248 9248 9248 9248 9248 9248 9248 9248 9248 9248 9248 9248 9248 9248 9248 9248 9248 9248 9248 9248 9248 9248 9248 9248 9248 9248 9248 9248 9248 9248 9248 9248 9248 9248 9248 9248 9248 9248 9248 9248 9249 9249 9249 9249 9249 9249 9249 9249 9249 9249 9249 9249 9249 9249 9249 9249 9249 9249 9249 9249 9249 9249 9249 9249 9249 9249 9249 9249 9249 9249 9249 9249 9249 9249 9249 9249 9249 9249 9249 9249 9249 9249 9249 9249 9249 9249 9249 9249 9250 9250 9250 9250 9250 9250 9250 9250 9250 9250 9250 9250 9250 9250 9250 9250 9250 9250 9250 9250 9250 9250 9250 9250 9250 9250 9250 9250 9250 9250 9250 9250 9250 9250 9250 9250 9250 9250 9250;105.36602868097478 105.36602868097478 105.36602868097478 105.36602868097478 105.36602868097478 105.36602868097478 105.36602868097478 105.36602868097478 105.36602868097478 105.36602868097478 105.36602868097478 105.36602868097478 105.35442826742289 105.35442826742289 105.35442826742289 105.35442826742289 105.35442826742289 105.35442826742289 105.35442826742289 105.35442826742289 105.35442826742289 105.35442826742289 105.35442826742289 105.35442826742289 105.35442826742289 105.35442826742289 105.35442826742289 105.35442826742289 105.35442826742289 105.35442826742289 105.35442826742289 105.76809012593964 105.76809012593964 105.76809012593964 105.76809012593964 105.76809012593964 105.76809012593964 105.76809012593964 105.76809012593964 105.76809012593964 105.76809012593964 105.76809012593964 105.76809012593964 105.76809012593964 105.76809012593964 105.76809012593964 105.76809012593964 105.76809012593964 105.76809012593964 105.76809012593964 105.76809012593964 105.76809012593964 105.75758444039211 105.75758444039211 105.75758444039211 105.75758444039211 105.75758444039211 105.75758444039211 105.75758444039211 105.75758444039211 105.75758444039211 105.75758444039211 105.75758444039211 105.75758444039211 105.75758444039211 105.75758444039211 105.75758444039211 105.75758444039211 105.75758444039211 105.75758444039211 105.75758444039211 105.75758444039211 105.35442826742289 105.35442826742289 105.35442826742289 105.35442826742289 105.35442826742289 105.35442826742289 105.35442826742289 105.35442826742289 105.35442826742289 105.35442826742289 105.35442826742289 105.35442826742289 105.35442826742289 105.76809012593964 105.76809012593964 105.76809012593964 105.76809012593964 105.76809012593964 105.76809012593964 105.76809012593964 105.76809012593964 105.76809012593964 105.76809012593964 105.76809012593964 105.76809012593964 105.76809012593964 105.76809012593964 105.76809012593964 105.76809012593964 105.76809012593964 105.76809012593964 105.76809012593964 105.76809012593964 105.76809012593964 105.76809012593964 105.76809012593964 105.76809012593964 105.76809012593964 105.76809012593964 105.76809012593964 105.76809012593964 105.76809012593964 105.76809012593964 105.76809012593964 105.36602868097478 105.36602868097478 105.36602868097478 105.36602868097478 105.36602868097478 105.36602868097478 105.36602868097478 105.36602868097478 105.36602868097478 105.36602868097478 105.36602868097478 105.36602868097478 105.36602868097478 105.36602868097478 105.36602868097478 105.36602868097478 105.78069557133549 105.78069557133549 105.78069557133549 105.78069557133549 105.78069557133549 105.78069557133549 105.78069557133549 105.78069557133549 105.78069557133549 105.78069557133549 105.78069557133549 105.78069557133549 105.78069557133549 105.78069557133549 105.78069557133549 105.78069557133549 105.78069557133549 105.78069557133549 105.78069557133549 105.78069557133549 105.76809012593964 105.76809012593964 105.76809012593964 105.76809012593964 105.76809012593964 105.76809012593964 105.76809012593964 105.76809012593964 105.76809012593964 105.76809012593964 105.76809012593964 105.76809012593964 105.36602868097478 105.36602868097478 105.36602868097478 105.36602868097478 105.36602868097478 105.36602868097478 105.36602868097478 105.36602868097478 105.36602868097478 105.36602868097478 105.36602868097478 105.36602868097478 105.36602868097478 105.36602868097478 105.36602868097478 105.36602868097478 105.36602868097478 105.36602868097478 105.36602868097478 105.36602868097478 105.36602868097478 105.36602868097478 105.36602868097478 105.36602868097478 105.36602868097478 105.36602868097478 105.36602868097478 105.36602868097478 105.36602868097478 105.36602868097478 105.36602868097478 105.36602868097478 105.36602868097478 105.36602868097478 105.36602868097478 105.36602868097478 105.36602868097478 105.36602868097478 105.36602868097478;105.78069557133549;"[[9247,9247,9247,9247,9247,9247,9247,9247,9247,9247,9247,9247,9247,9247,9247,9247,9247,9247,9247,9247,9247,9247,9247,9247,9247,9247,9247,9247,9247,9247,9247,9247,9247,9247,9247,9247,9247,9247,9247,9247,9247,9247,9247,9247,9247,9247,9247,9247,9247,9247,9247,9247,9247,9247,9247,9247,9247,9247,9247,9247,9247,9247,9247,9247,9247,9247,9247,9247,9247,9247,9247,9247,9248,9248,9248,9248,9248,9248,9248,9248,9248,9248,9248,9248,9248,9248,9248,9248,9248,9248,9248,9248,9248,9248,9248,9248,9248,9248,9248,9248,9248,9248,9248,9248,9248,9248,9248,9248,9248,9248,9248,9248,9248,9248,9248,9248,9249,9249,9249,9249,9249,9249,9249,9249,9249,9249,9249,9249,9249,9249,9249,9249,9249,9249,9249,9249,9249,9249,9249,9249,9249,9249,9249,9249,9249,9249,9249,9249,9249,9249,9249,9249,9249,9249,9249,9249,9249,9249,9249,9249,9249,9249,9249,9249,9250,9250,9250,9250,9250,9250,9250,9250,9250,9250,9250,9250,9250,9250,9250,9250,9250,9250,9250,9250,9250,9250,9250,9250,9250,9250,9250,9250,9250,9250,9250,9250,9250,9250,9250,9250,9250,9250,9250],[9505,9505,9505,9505,9505,9505,9505,9505,9505,9505,9505,9505,9505,9505,9505,9505,9505,9505,9505,9505,9505,9505,9505,9505,9505,9505,9505,9505,9505,9505,9505,9506,9506,9506,9506,9506,9506,9506,9506,9506,9506,9506,9506,9506,9506,9506,9506,9506,9506,9506,9506,9506,9506,9506,9506,9506,9506,9506,9506,9506,9506,9506,9506,9506,9506,9506,9506,9506,9506,9506,9506,9506,9506,9506,9506,9506,9506,9506,9506,9506,9506,9506,9506,9506,9506,9507,9507,9507,9507,9507,9507,9507,9507,9507,9507,9507,9507,9507,9507,9507,9507,9507,9507,9507,9507,9507,9507,9507,9507,9507,9507,9507,9507,9507,9507,9507,9507,9507,9507,9507,9507,9507,9507,9507,9507,9507,9507,9507,9507,9507,9507,9507,9508,9508,9508,9508,9508,9508,9508,9508,9508,9508,9508,9508,9508,9508,9508,9508,9508,9508,9508,9508,9508,9508,9508,9508,9508,9508,9508,9508,9508,9508,9508,9508,9508,9508,9508,9508,9508,9508,9508,9508,9508,9508,9508,9508,9508,9508,9508,9508,9508,9508,9508,9508,9508,9508,9508,9508,9508,9508,9508,9508,9508,9508,9508,9508,9508,9508,9508,9508,9508,9508,9508],[9370,9370,9370,9370,9370,9370,9370,9370,9370,9370,9370,9370,9371,9371,9371,9371,9371,9371,9371,9371,9371,9371,9371,9371,9371,9371,9371,9371,9371,9371,9371,9371,9371,9371,9371,9371,9371,9371,9371,9371,9371,9371,9371,9371,9371,9371,9371,9371,9371,9371,9371,9371,9372,9372,9372,9372,9372,9372,9372,9372,9372,9372,9372,9372,9372,9372,9372,9372,9372,9372,9372,9372,9372,9372,9372,9372,9372,9372,9372,9372,9372,9372,9372,9372,9372,9372,9372,9372,9372,9372,9372,9372,9372,9372,9372,9372,9372,9372,9372,9372,9372,9372,9372,9372,9372,9372,9372,9372,9372,9372,9372,9372,9372,9372,9372,9372,9372,9372,9372,9372,9372,9372,9372,9372,9372,9372,9372,9372,9372,9372,9372,9372,9372,9372,9372,9372,9372,9372,9372,9372,9372,9372,9372,9372,9372,9372,9372,9372,9372,9372,9372,9372,9373,9373,9373,9373,9373,9373,9373,9373,9373,9373,9373,9373,9373,9373,9373,9373,9373,9373,9373,9373,9373,9373,9373,9373,9373,9373,9373,9373,9373,9373,9373,9373,9373,9373,9373,9373,9373,9373,9373,9373,9373,9373,9373,9373,9373,9373,9373,9373,9373,9373,9373]]"
interactive-discover-3;4;false;;0;20d5f7e2b4c95efcee3da988dbee7f16;612;612;612;0;3;142;142;142;12213;13303;11621;11621 13303 11715;12211 12211 12211 12211 12211 12211 12211 12211 12211 12211 12211 12211 12211.333333333334 12211.333333333334 12211.666666666666 12211.666666666666 12211.666666666666 12211.666666666666 12211.666666666666 12211.666666666666 12211.666666666666 12211.666666666666 12211.666666666666 12211.666666666666 12211.666666666666 12211.666666666666 12211.666666666666 12211.666666666666 12211.666666666666 12211.666666666666 12211.666666666666 12211.666666666666 12211.666666666666 12211.666666666666 12211.666666666666 12211.666666666666 12211.666666666666 12211.666666666666 12211.666666666666 12211.666666666666 12211.666666666666 12211.666666666666 12211.666666666666 12212 12212 12212 12212 12212 12212 12212 12212 12212 12212.333333333334 12212.333333333334 12212.333333333334 12212.333333333334 12212.333333333334 12212.333333333334 12212.333333333334 12212.333333333334 12212.333333333334 12212.333333333334 12212.333333333334 12212.333333333334 12212.333333333334 12212.333333333334 12212.666666666666 12212.666666666666 12212.666666666666 12212.666666666666 12212.666666666666 12212.666666666666 12212.666666666666 12212.666666666666 12212.666666666666 12212.666666666666 12212.666666666666 12212.666666666666 12212.666666666666 12212.666666666666 12212.666666666666 12212.666666666666 12212.666666666666 12212.666666666666 12212.666666666666 12212.666666666666 12212.666666666666 12212.666666666666 12212.666666666666 12212.666666666666 12212.666666666666 12212.666666666666 12212.666666666666 12212.666666666666 12212.666666666666 12212.666666666666 12212.666666666666 12212.666666666666 12212.666666666666 12212.666666666666 12212.666666666666 12212.666666666666 12212.666666666666 12212.666666666666 12212.666666666666 12212.666666666666 12212.666666666666 12212.666666666666 12212.666666666666 12212.666666666666 12212.666666666666 12212.666666666666 12212.666666666666 12212.666666666666 12212.666666666666 12212.666666666666 12212.666666666666 12212.666666666666 12212.666666666666 12212.666666666666 12212.666666666666 12212.666666666666 12212.666666666666 12212.666666666666 12212.666666666666 12212.666666666666 12212.666666666666 12212.666666666666 12212.666666666666 12212.666666666666 12212.666666666666 12212.666666666666 12212.666666666666 12212.666666666666 12212.666666666666 12213 12213 12213 12213 12213 12213 12213;13302 13302 13302 13302 13302 13302 13302 13302 13302 13302 13302 13302 13302 13302 13302 13302 13302 13302 13302 13302 13302 13302 13302 13302 13302 13302 13302 13302 13302 13302 13302 13302 13302 13302 13302 13302 13302 13302 13302 13302 13302 13302 13302 13302 13302 13302 13302 13302 13302 13302 13302 13302 13303 13303 13303 13303 13303 13303 13303 13303 13303 13303 13303 13303 13303 13303 13303 13303 13303 13303 13303 13303 13303 13303 13303 13303 13303 13303 13303 13303 13303 13303 13303 13303 13303 13303 13303 13303 13303 13303 13303 13303 13303 13303 13303 13303 13303 13303 13303 13303 13303 13303 13303 13303 13303 13303 13303 13303 13303 13303 13303 13303 13303 13303 13303 13303 13303 13303 13303 13303 13303 13303 13303 13303 13303 13303 13303 13303 13303 13303 13303 13303 13303 13303 13303 13303 13303 13303 13303 13303 13303 13303;11618 11618 11618 11618 11618 11618 11618 11618 11618 11618 11618 11618 11618 11618 11619 11619 11619 11619 11619 11619 11619 11619 11619 11619 11619 11619 11619 11619 11619 11619 11619 11619 11619 11619 11619 11619 11619 11619 11619 11619 11619 11619 11619 11619 11619 11619 11619 11619 11619 11619 11619 11619 11619 11619 11619 11619 11619 11619 11619 11619 11619 11619 11619 11619 11619 11619 11620 11620 11620 11620 11620 11620 11620 11620 11620 11620 11620 11620 11620 11620 11620 11620 11620 11620 11620 11620 11620 11620 11620 11620 11620 11620 11620 11620 11620 11620 11620 11620 11620 11620 11620 11620 11620 11620 11620 11620 11620 11620 11620 11620 11620 11620 11620 11620 11620 11620 11620 11620 11620 11620 11620 11620 11620 11620 11620 11620 11620 11620 11620 11620 11620 11620 11620 11620 11620 11621 11621 11621 11621 11621 11621 11621;772.4277744013783 772.4277744013783 772.4277744013783 772.4277744013783 772.4277744013783 772.4277744013783 772.4277744013783 772.4277744013783 772.4277744013783 772.4277744013783 772.4277744013783 772.4277744013783 772.2129815594199 772.2129815594199 771.9569648338926 771.9569648338926 771.9569648338926 771.9569648338926 771.9569648338926 771.9569648338926 771.9569648338926 771.9569648338926 771.9569648338926 771.9569648338926 771.9569648338926 771.9569648338926 771.9569648338926 771.9569648338926 771.9569648338926 771.9569648338926 771.9569648338926 771.9569648338926 771.9569648338926 771.9569648338926 771.9569648338926 771.9569648338926 771.9569648338926 771.9569648338926 771.9569648338926 771.9569648338926 771.9569648338926 771.9569648338926 771.9569648338926 771.7421849296564 771.7421849296564 771.7421849296564 771.7421849296564 771.7421849296564 771.7421849296564 771.7421849296564 771.7421849296564 771.7421849296564 772.2129815594199 772.2129815594199 772.2129815594199 772.2129815594199 772.2129815594199 772.2129815594199 772.2129815594199 772.2129815594199 772.2129815594199 772.2129815594199 772.2129815594199 772.2129815594199 772.2129815594199 772.2129815594199 771.9569648338926 771.9569648338926 771.9569648338926 771.9569648338926 771.9569648338926 771.9569648338926 771.9569648338926 771.9569648338926 771.9569648338926 771.9569648338926 771.9569648338926 771.9569648338926 771.9569648338926 771.9569648338926 771.9569648338926 771.9569648338926 771.9569648338926 771.9569648338926 771.9569648338926 771.9569648338926 771.9569648338926 771.9569648338926 771.9569648338926 771.9569648338926 771.9569648338926 771.9569648338926 771.9569648338926 771.9569648338926 771.9569648338926 771.9569648338926 771.9569648338926 771.9569648338926 771.9569648338926 771.9569648338926 771.9569648338926 771.9569648338926 771.9569648338926 771.9569648338926 771.9569648338926 771.9569648338926 771.9569648338926 771.9569648338926 771.9569648338926 771.9569648338926 771.9569648338926 771.9569648338926 771.9569648338926 771.9569648338926 771.9569648338926 771.9569648338926 771.9569648338926 771.9569648338926 771.9569648338926 771.9569648338926 771.9569648338926 771.9569648338926 771.9569648338926 771.9569648338926 771.9569648338926 771.9569648338926 771.9569648338926 771.9569648338926 771.9569648338926 771.9569648338926 771.9569648338926 771.9569648338926 771.9569648338926 771.9569648338926 771.9569648338926 771.7011511373212 771.7011511373212 771.7011511373212 771.7011511373212 771.7011511373212 771.7011511373212 771.7011511373212;771.7011511373212;"[[11618,11618,11618,11618,11618,11618,11618,11618,11618,11618,11618,11618,11618,11618,11619,11619,11619,11619,11619,11619,11619,11619,11619,11619,11619,11619,11619,11619,11619,11619,11619,11619,11619,11619,11619,11619,11619,11619,11619,11619,11619,11619,11619,11619,11619,11619,11619,11619,11619,11619,11619,11619,11619,11619,11619,11619,11619,11619,11619,11619,11619,11619,11619,11619,11619,11619,11620,11620,11620,11620,11620,11620,11620,11620,11620,11620,11620,11620,11620,11620,11620,11620,11620,11620,11620,11620,11620,11620,11620,11620,11620,11620,11620,11620,11620,11620,11620,11620,11620,11620,11620,11620,11620,11620,11620,11620,11620,11620,11620,11620,11620,11620,11620,11620,11620,11620,11620,11620,11620,11620,11620,11620,11620,11620,11620,11620,11620,11620,11620,11620,11620,11620,11620,11620,11620,11621,11621,11621,11621,11621,11621,11621],[13302,13302,13302,13302,13302,13302,13302,13302,13302,13302,13302,13302,13302,13302,13302,13302,13302,13302,13302,13302,13302,13302,13302,13302,13302,13302,13302,13302,13302,13302,13302,13302,13302,13302,13302,13302,13302,13302,13302,13302,13302,13302,13302,13302,13302,13302,13302,13302,13302,13302,13302,13302,13303,13303,13303,13303,13303,13303,13303,13303,13303,13303,13303,13303,13303,13303,13303,13303,13303,13303,13303,13303,13303,13303,13303,13303,13303,13303,13303,13303,13303,13303,13303,13303,13303,13303,13303,13303,13303,13303,13303,13303,13303,13303,13303,13303,13303,13303,13303,13303,13303,13303,13303,13303,13303,13303,13303,13303,13303,13303,13303,13303,13303,13303,13303,13303,13303,13303,13303,13303,13303,13303,13303,13303,13303,13303,13303,13303,13303,13303,13303,13303,13303,13303,13303,13303,13303,13303,13303,13303,13303,13303],[11713,11713,11713,11713,11713,11713,11713,11713,11713,11713,11713,11713,11714,11714,11714,11714,11714,11714,11714,11714,11714,11714,11714,11714,11714,11714,11714,11714,11714,11714,11714,11714,11714,11714,11714,11714,11714,11714,11714,11714,11714,11714,11714,11715,11715,11715,11715,11715,11715,11715,11715,11715,11715,11715,11715,11715,11715,11715,11715,11715,11715,11715,11715,11715,11715,11715,11715,11715,11715,11715,11715,11715,11715,11715,11715,11715,11715,11715,11715,11715,11715,11715,11715,11715,11715,11715,11715,11715,11715,11715,11715,11715,11715,11715,11715,11715,11715,11715,11715,11715,11715,11715,11715,11715,11715,11715,11715,11715,11715,11715,11715,11715,11715,11715,11715,11715,11715,11715,11715,11715,11715,11715,11715,11715,11715,11715,11715,11715,11715,11715,11715,11715,11715,11715,11715,11715,11715,11715,11715,11715,11715,11715]]"
interactive-discover-4;0;false;;0;3112eede040aaa01aedc457789eed356;479;479;479;0;3;5;5;5;7827.333333333333;8266;7398;8266 7398 7818;7827 7827.333333333333 7827.333333333333 7827.333333333333 7827.333333333333;8265 8266 8266 8266 8266;7398 7398 7398 7398 7398;354.0084744748351 354.42096752622047 354.42096752622047 354.42096752622047 354.42096752622047;354.42096752622047;"[[8265,8266,8266,8266,8266],[7398,7398,7398,7398,7398],[7818,7818,7818,7818,7818]]"
interactive-discover-4;1;false;;0;cd6f381a6281527b1dbda2f21a1a702a;69;69;69;0;3;3;3;3;2091.3333333333335;2093;2090;2091 2093 2090;2091.3333333333335 2091.3333333333335 2091.3333333333335;2093 2093 2093;2090 2090 2090;1.247219128924647 1.247219128924647 1.247219128924647;1.247219128924647;"[[2091,2091,2091],[2093,2093,2093],[2090,2090,2090]]"
interactive-discover-4;2;false;;0;ed1ebad4adf97e9e94be0ca88af2d8bb;52;52;52;0;3;3;3;3;1972.3333333333333;1974;1971;1972 1974 1971;1972 1972.3333333333333 1972.3333333333333;1974 1974 1974;1970 1971 1971;1.632993161855452 1.247219128924647 1.247219128924647;1.247219128924647;"[[1972,1972,1972],[1974,1974,1974],[1970,1971,1971]]"
interactive-discover-4;3;false;;0;16a10be88d7ff874026ce66a4e993ecb;228;228;228;0;3;3;3;3;3950.6666666666665;4092;3832;3928 4092 3832;3950.3333333333335 3950.3333333333335 3950.3333333333335;4091 4091 4091;3832 3832 3832;106.90909949838488 106.90909949838488 106.90909949838488;107.34782510864184;"[[3928,3928,3928],[4091,4091,4091],[3832,3832,3832]]"
interactive-discover-4;4;false;;0;d0ef3bb68aa278a8f97f329adee97dd8;481;481;481;0;3;7;7;7;7864.666666666667;8677;7429;7488 8677 7429;7864.666666666667 7864.666666666667 7864.666666666667 7864.666666666667 7864.666666666667 7864.666666666667 7864.666666666667;8677 8677 8677 8677 8677 8677 8677;7429 7429 7429 7429 7429 7429 7429;574.911200872699 574.911200872699 574.911200872699 574.911200872699 574.911200872699 574.911200872699 574.911200872699;574.911200872699;"[[7488,7488,7488,7488,7488,7488,7488],[8677,8677,8677,8677,8677,8677,8677],[7429,7429,7429,7429,7429,7429,7429]]"
interactive-discover-5;0;false;;0;cab888487e7572de37a55f0e8c3ec060;463;463;463;0;3;15;15;15;7898.333333333333;7995;7809;7809 7995 7891;1859.6666666666667 2092.6666666666665 2187 2583 2863 4254.666666666667 4746 5169 5612.666666666667 5780.666666666667 6393.666666666667 6708 6948.666666666667 7061.666666666667 7174;1868 2115 2216 2641 2941 4349 4841 5265 5708 5876 6486 6802 7043 7150 7259;1845 2067 2154 2527 2791 4171 4660 5081 5523 5691 6308 6622 6862 6986 7079;10.402991022884823 19.737161790783283 25.468935326524086 46.561786907291264 61.38403701289123 73.05857619441782 74.16647940051264 75.33038342306952 75.63215071794681 75.63215071794681 72.82093716019376 73.70210309075311 74.0915349790754 67.54915905389859 73.824115301167;76.11103000806709;"[[1845,2067,2154,2527,2791,4171,4660,5081,5523,5691,6308,6622,6862,6986,7079],[1866,2115,2216,2641,2941,4349,4841,5265,5708,5876,6486,6802,7043,7150,7259],[1868,2096,2191,2581,2857,4244,4737,5161,5607,5775,6387,6700,6941,7049,7184]]"
interactive-discover-5;1;false;;0;7fc43bb183e4fb0238576536413c6c45;65;65;65;0;3;3;3;3;2488.3333333333335;2525;2467;2525 2467 2473;1623.6666666666667 2099 2145.6666666666665;1626 2121 2170;1622 2087 2133;1.699673171197595 15.57776192739723 17.21110752456745;26.04269997949948;"[[1626,2121,2170],[1622,2087,2134],[1623,2089,2133]]"
interactive-discover-5;2;false;;0;2543010e761cb36b6f0c3e103e58af43;48;48;48;0;3;3;3;3;2170.3333333333335;2194;2151;2166 2194 2151;1611.6666666666667 1878.6666666666667 1963.6666666666667;1615 1893 1981;1608 1868 1951;2.8674417556808756 10.530379332620875 12.684198393626966;17.82008853949821;"[[1612,1875,1959],[1615,1893,1981],[1608,1868,1951]]"
interactive-discover-5;3;false;;0;76fc6cfa5c07ff3011e9f2d7ac2ae7e0;223;223;223;0;3;4;4;4;4611.333333333333;4641;4581;4581 4612 4641;1628 1656 2707.3333333333335 3050.3333333333335;1632 1662 2735 3082;1625 1652 2676 3018;2.943920288775949 4.320493798938574 24.225789747475496 26.132142830026186;24.499433100017278;"[[1627,1654,2676,3018],[1632,1662,2711,3051],[1625,1652,2735,3082]]"
interactive-discover-5;4;false;;0;880a30fb8a9114b4807acb78d9e7d141;461;461;461;0;3;20;20;20;7683.666666666667;7800;7502;7800 7502 7749;1840.3333333333333 1926.6666666666667 2338 2643.6666666666665 3105.6666666666665 3186.6666666666665 3245 3340.6666666666665 3632.6666666666665 3988.3333333333335 4197 4455.666666666667 4562.333333333333 5087.666666666667 5342.666666666667 5660 5683 6109.333333333333 6348 7005.333333333333;1856 1943 2357 2670 3140 3225 3285 3387 3684 4050 4262 4529 4638 5174 5440 5766 5790 6221 6473 7151;1828 1913 2312 2608 3061 3145 3205 3299 3602 3945 4144 4387 4489 4991 5225 5526 5546 5941 6177 6793;11.67142760000773 12.391753530294071 19.026297590440446 26.157641755751268 33.06895153396242 32.74480450731417 32.65986323710904 36.077077979730504 36.527006751473934 44.78342947514801 48.91489207456832 58.065097567777805 60.85136718997273 75.06589697651584 88.94317786592116 99.9599919967984 101.84628941039858 121.12894873737747 125.14258534434498 153.56721293586364;130.13411885008824;"[[1856,1943,2357,2670,3140,3225,3285,3387,3684,4050,4262,4529,4638,5174,5440,5766,5790,6221,6473,7151],[1837,1924,2345,2653,3116,3190,3245,3336,3612,3945,4144,4387,4489,4991,5225,5526,5546,5941,6177,6793],[1828,1913,2312,2608,3061,3145,3205,3299,3602,3970,4185,4451,4560,5098,5363,5688,5713,6166,6394,7072]]"
interactive-discover-6;0;false;;0;240c19f39eed1e3ac67718ff57b63a0d;477;477;477;0;3;33;33;33;9762.333333333334;10137;9365;10137 9365 9785;7955 7970.666666666667 7972.666666666667 7978.666666666667 7980 7981.333333333333 7981.666666666667 7981.666666666667 7981.666666666667 7981.666666666667 7982.333333333333 7982.333333333333 7982.333333333333 7982.333333333333 7982.333333333333 7982.333333333333 7982.333333333333 7982.333333333333 7982.333333333333 7982.333333333333 7982.333333333333 7982.333333333333 7982.333333333333 7983 7983 7984 7985 7985 7985.333333333333 7986 7986.666666666667 7987.666666666667 7988.666666666667;8363 8374 8380 8381 8381 8381 8382 8382 8382 8382 8382 8382 8382 8382 8382 8382 8382 8382 8382 8382 8382 8382 8382 8383 8383 8385 8385 8385 8386 8386 8386 8387 8388;7734 7759 7759 7767 7767 7770 7770 7770 7770 7770 7771 7771 7771 7771 7771 7771 7771 7771 7771 7771 7771 7771 7771 7772 7772 7773 7773 7773 7773 7774 7776 7777 7779;288.8332852471589 285.316588293698 288.1438683867642 284.621776320006 283.73344298243495 282.7629552980533 283.2341002696454 283.2341002696454 283.2341002696454 283.2341002696454 282.7629552980533 282.7629552980533 282.7629552980533 282.7629552980533 282.7629552980533 282.7629552980533 282.7629552980533 282.7629552980533 282.7629552980533 282.7629552980533 282.7629552980533 282.7629552980533 282.7629552980533 282.9852764132203 282.9852764132203 283.6793965024601 283.01236722093967 283.01236722093967 283.4834896230976 283.01236722093967 282.51410977546277 282.51410977546277 282.4893311653065;315.5749602797338;"[[8363,8374,8380,8381,8381,8381,8382,8382,8382,8382,8382,8382,8382,8382,8382,8382,8382,8382,8382,8382,8382,8382,8382,8383,8383,8385,8385,8385,8386,8386,8386,8387,8388],[7734,7759,7759,7767,7767,7770,7770,7770,7770,7770,7771,7771,7771,7771,7771,7771,7771,7771,7771,7771,7771,7771,7771,7772,7772,7773,7773,7773,7773,7774,7776,7777,7779],[7768,7779,7779,7788,7792,7793,7793,7793,7793,7793,7794,7794,7794,7794,7794,7794,7794,7794,7794,7794,7794,7794,7794,7794,7794,7794,7797,7797,7797,7798,7798,7799,7799]]"
interactive-discover-6;1;false;;0;cd3466cc43b32ce51d8f13d5516f2ef2;65;65;65;0;3;1;1;1;2518.3333333333335;2583;2432;2583 2432 2540;2518;2583;2431;63.97395303298575;63.52077525415515;"[[2583],[2431],[2540]]"
interactive-discover-6;2;false;;0;29960679941029d6a70f26d6904d3728;48;48;48;0;3;1;1;1;2159.6666666666665;2162;2157;2157 2160 2162;2158.3333333333335;2161;2155;2.494438257849294;2.0548046676563256;"[[2155],[2159],[2161]]"
interactive-discover-6;3;false;;0;dda32920d34bcd8a1bf9ed13c89c4b4d;287;287;287;0;3;2;2;2;5515;5671;5367;5507 5367 5671;4504.333333333333 4521;4639 4657;4405 4424;98.74321355020922 99.03871296955886;124.236333923159;"[[4405,4424],[4469,4482],[4639,4657]]"
interactive-discover-6;4;false;;0;613936d3d666a311d54e99e3a8f9cdad;461;461;461;0;3;27;27;27;8491.333333333334;8832;8294;8832 8348 8294;8465.333333333334 8477.666666666666 8477.666666666666 8477.666666666666 8479.666666666666 8481.333333333334 8481.333333333334 8484.666666666666 8484.666666666666 8484.666666666666 8485 8485.333333333334 8485.333333333334 8485.666666666666 8485.666666666666 8485.666666666666 8485.666666666666 8485.666666666666 8486.333333333334 8487 8487 8487.333333333334 8487.666666666666 8488.666666666666 8488.666666666666 8488.666666666666 8489;8807 8818 8818 8818 8818 8822 8822 8825 8825 8825 8826 8826 8826 8826 8826 8826 8826 8826 8826 8827 8827 8828 8828 8829 8829 8829 8830;8272 8284 8284 8284 8284 8285 8285 8288 8288 8288 8288 8288 8288 8289 8289 8289 8289 8289 8289 8290 8290 8290 8291 8292 8292 8292 8292;242.29229363633414 241.41573178969833 241.41573178969833 241.41573178969833 240.21425621492347 241.82132981926048 241.82132981926048 241.62275463117203 241.62275463117203 241.62275463117203 242.09226891139392 241.89437548006134 241.89437548006134 241.62275463117203 241.62275463117203 241.62275463117203 241.62275463117203 241.62275463117203 241.2278775118848 241.4249365744972 241.4249365744972 241.89437548006134 241.62275463117203 241.62275463117203 241.62275463117203 241.62275463117203 242.09226891139392;241.89437548006134;"[[8807,8818,8818,8818,8818,8822,8822,8825,8825,8825,8826,8826,8826,8826,8826,8826,8826,8826,8826,8827,8827,8828,8828,8829,8829,8829,8830],[8317,8331,8331,8331,8337,8337,8337,8341,8341,8341,8341,8342,8342,8342,8342,8342,8342,8342,8344,8344,8344,8344,8344,8345,8345,8345,8345],[8272,8284,8284,8284,8284,8285,8285,8288,8288,8288,8288,8288,8288,8289,8289,8289,8289,8289,8289,8290,8290,8290,8291,8292,8292,8292,8292]]"
interactive-discover-7;0;true;Unexpected "!" at position 0 in state STOP;3;;;;;;3;0;0;0;0;0;0;NaN NaN NaN;7506.666666666667;8151;6906;509.20613594976334;NaN;"[[6906],[7463],[8151]]"
interactive-discover-7;1;false;;0;75ab2bd12ac1e16dcc02f8c9e8d97308;65;65;65;0;3;1;1;1;3205.6666666666665;3326;3023;3023 3326 3268;3204.6666666666665;3325;3022;131.31725789941785;131.31725789941785;"[[3022],[3325],[3267]]"
interactive-discover-7;2;false;;0;faf54113a5297c559416a2dd78b9cc86;48;48;48;0;3;1;1;1;2272.6666666666665;2380;2210;2228 2380 2210;2272.3333333333335;2380;2209;76.52595783276563;76.25104735164116;"[[2228],[2380],[2209]]"
interactive-discover-7;3;false;;0;d2faccc09255b3a49e90b46ed45ffe1d;1123;1123;1123;0;3;2;2;2;25022;26160;24404;24502 26160 24404;4698.333333333333 25021.666666666668;4706 26159;4683 24404;10.842303978193728 805.2106694662101;805.681492071567;"[[4706,24502],[4706,26159],[4683,24404]]"
interactive-discover-7;4;false;;0;3ee14484ce425fdbae40700cdd59c0d2;461;461;461;0;3;1;1;1;8328.666666666666;8540;8006;8440 8006 8540;8094.666666666667;8440;7432;468.7155024342829;231.78342381532713;"[[8412],[7432],[8440]]"
interactive-discover-8;0;false;;0;60eff9cf1fff539a1abbfe84b1838721;258;494;20;193.5148573107502;3;10;10;10;3199.6666666666665;4473;1619;1619 4473 3507;2485 2540.6666666666665 2601.6666666666665 2646 2821.6666666666665 2869.3333333333335 3026.6666666666665 3082.6666666666665 3135.6666666666665 3197.6666666666665;3567 3626 3699 3775 4016 4056 4264 4331 4398 4473;1289 1314 1344 1366 1442 1471 1544 1567 1593 1618;933.4766556624041 949.1460489420067 968.0861991005187 989.249210259983 1058.9713037765575 1065.8825242753328 1123.9043059303976 1144.1224681922047 1162.1664635020618 1185.2483096615476;1185.2339665886882;"[[1289,1314,1344,1366,1442,1471,1544,1567,1593,1618],[3567,3626,3699,3775,4016,4056,4264,4331,4398,4473],[2599,2682,2762,2797,3007,3081,3272,3350,3416,3502]]"
interactive-discover-8;1;false;;0;31ced0153572078c102c41779b912688;160;221;113;45.18849411078001;3;10;10;10;1960.3333333333333;2638;1541;2638 1541 1702;1848.3333333333333 1872.6666666666667 1901.3333333333333 1903.6666666666667 1915.6666666666667 1920.6666666666667 1930.6666666666667 1938.3333333333333 1949.6666666666667 1960;2494 2545 2591 2591 2616 2619 2619 2619 2621 2638;1454 1461 1461 1461 1471 1482 1499 1512 1539 1540;460.27262452690894 479.3915124636879 493.8625539785561 492.69418055783404 501.1854835177181 499.1742069547353 491.9406016538537 486.399241592976 478.63788214288076 483.9586759218188;483.66953824095873;"[[2494,2545,2591,2591,2616,2619,2619,2619,2621,2638],[1454,1461,1461,1461,1471,1482,1499,1512,1539,1540],[1597,1612,1652,1659,1660,1661,1674,1684,1689,1702]]"
interactive-discover-8;2;false;;0;dca43bb8bd69101b0e39a49fa8e7425f;458.3333333333333;726;320;189.30457528074228;3;10;10;10;5966;7430;3408;7430 3408 7060;5463.333333333333 5585 5662 5700.666666666667 5741.333333333333 5777 5816.333333333333 5858.333333333333 5911.666666666667 5965.666666666667;6708 6738 6866 6946 7027 7105 7189 7266 7348 7429;3056 3307 3313 3313 3313 3313 3313 3326 3367 3408;1702.5708665296595 1610.8298068593922 1661.1684642644366 1688.8588520720796 1718.0831049619094 1744.073392951111 1772.8788891392314 1794.353427344296 1804.3267134554344 1814.806570653988;1815.075388700609;"[[6626,6710,6866,6946,7027,7105,7189,7266,7348,7429],[3056,3307,3313,3313,3313,3313,3313,3326,3367,3408],[6708,6738,6807,6843,6884,6913,6947,6983,7020,7060]]"
interactive-discover-8;3;false;;0;eeafd473a5613ec22bba6e5ed06403a5;337.6666666666667;605;111;203.71439702572707;3;10;10;10;7166.333333333333;10686;2763;2763 10686 8050;6088 6202.333333333333 6321.333333333333 6443.666666666667 6562 6684.333333333333 6804.666666666667 6923.333333333333 7046.333333333333 7165.666666666667;9341 9482 9632 9787 9933 10086 10238 10384 10534 10685;2501 2518 2550 2579 2610 2643 2671 2698 2731 2762;2802.387910336469 2857.4044554844213 2909.5064109837526 2965.6542092578647 3017.6981293694703 3072.0723009431636 3128.6549115483404 3184.0420153565115 3238.875971005305 3294.44141277732;3294.351967973199;"[[2501,2518,2550,2579,2610,2643,2671,2698,2731,2762],[9341,9482,9632,9787,9933,10086,10238,10384,10534,10685],[6422,6607,6782,6965,7143,7324,7505,7688,7874,8050]]"
interactive-discover-8;4;false;;0;bd9e8c880d613e1a6f9443c15e41dbbe;187.66666666666666;357;86;120.53860607936178;3;10;10;10;2746.6666666666665;4126;2054;4126 2054 2060;2397.3333333333335 2436.3333333333335 2472.6666666666665 2513.3333333333335 2551.3333333333335 2588.3333333333335 2626.3333333333335 2668.3333333333335 2706.3333333333335 2746;3749 3798 3834 3871 3922 3959 3996 4036 4089 4125;1683 1723 1765 1811 1847 1887 1930 1976 2012 2054;956.2894726784122 963.2093345800913 962.8604375620707 960.2070378598333 969.3318431900514 969.2957351717907 968.5461039906957 967.1112770628944 977.6960445637262 975.102387786363;975.3390293750283;"[[3749,3798,3834,3871,3922,3959,3996,4036,4089,4125],[1683,1723,1765,1811,1847,1887,1930,1976,2012,2054],[1760,1788,1819,1858,1885,1919,1953,1993,2018,2059]]"
interactive-short-1;0;true;Unexpected "!" at position 0 in state STOP;1;6b641713c69378408c911f18ba9ba38b;464;464;464;0;3;1;1;1;10422;10628;10216;NaN 10216 10628;1204.3333333333333;1690;960;343.4203773155512;206;"[[1690],[963],[960]]"
interactive-short-1;1;false;;0;f02ab3570928d3fc74a51ceb7a4a39ac;66;66;66;0;3;1;1;1;2805;3221;2597;3221 2597 2597;1039.3333333333333;1209;954;119.9731451432176;294.15642097360376;"[[1209],[955],[954]]"
interactive-short-1;2;false;;0;ff4ea17b4281fdba2a7a842efe3a722a;49;49;49;0;3;1;1;1;2243.6666666666665;2284;2200;2200 2247 2284;956.3333333333334;966;951;6.847546194724712;34.37376260399137;"[[966],[952],[951]]"
interactive-short-1;3;false;;0;64191c6d5f502dc3f35888f44214ade1;224;224;224;0;3;1;1;1;5508.666666666667;5734;5387;5734 5405 5387;960.6666666666666;974;952;9.568466729604882;159.50409259813853;"[[974],[956],[952]]"
interactive-short-1;4;false;;0;d8972c3dd7a9ab1cc6d9b0773f1037c3;462;462;462;0;3;1;1;1;9896;10024;9679;10024 9679 9985;957;966;949;6.97614984548545;154.26600403199663;"[[966],[956],[949]]"
interactive-short-2;0;true;Unexpected "!" at position 0 in state STOP;3;;;;;;3;0;0;0;0;0;0;NaN NaN NaN;1704.3333333333333;1793;1532;121.87516381755371;NaN;"[[1532],[1788],[1793]]"
interactive-short-2;1;true;Unexpected "!" at position 0 in state STOP;3;;;;;;3;0;0;0;0;0;0;NaN NaN NaN;1726.6666666666667;1766;1700;28.394052585395805;NaN;"[[1766],[1700],[1714]]"
interactive-short-2;2;true;Unexpected "!" at position 0 in state STOP;3;;;;;;3;0;0;0;0;0;0;NaN NaN NaN;1575;1663;1513;63.93746945258312;NaN;"[[1549],[1663],[1513]]"
interactive-short-2;3;true;Unexpected "!" at position 0 in state STOP;3;;;;;;3;0;0;0;0;0;0;NaN NaN NaN;1769.3333333333333;1817;1720;39.617616732402716;NaN;"[[1817],[1771],[1720]]"
interactive-short-2;4;true;Unexpected "!" at position 0 in state STOP;3;;;;;;3;0;0;0;0;0;0;NaN NaN NaN;1810;1857;1774;34.76588366008646;NaN;"[[1774],[1857],[1799]]"
interactive-short-3;0;true;Unexpected "!" at position 0 in state STOP;3;;;;;;3;0;0;0;0;0;0;NaN NaN NaN;3554.6666666666665 3591 3633.3333333333335;4656 4696 4747;1822 1858 1895;1240.1143316467055 1240.7924886942217 1245.2930935682928;NaN;"[[4656,4696,4747],[1822,1858,1895],[4186,4219,4258]]"
interactive-short-3;1;true;Unexpected "!" at position 0 in state STOP;3;;;;;;3;0;0;0;0;0;0;NaN NaN NaN;3315.6666666666665 3350.6666666666665 3386 3415 3438 3469 3512;4121 4155 4202 4243 4276 4311 4365;1885 1924 1936 1965 1988 2002 2030;1014.2995393647557 1011.5382126027447 1027.9935148952384 1028.7481065191162 1029.4477483906926 1041.1016601017725 1051.9147620727958;NaN;"[[3941,3973,4020,4037,4050,4094,4141],[1885,1924,1936,1965,1988,2002,2030],[4121,4155,4202,4243,4276,4311,4365]]"
interactive-short-3;2;true;Unexpected "!" at position 0 in state STOP;3;;;;;;3;0;0;0;0;0;0;NaN NaN NaN;2225.3333333333335 2257.3333333333335;2956 2970;1841 1880;516.8922088361901 504.2230546979074;NaN;"[[1879,1922],[1841,1880],[2956,2970]]"
interactive-short-3;3;true;Unexpected "!" at position 0 in state STOP;3;;;;;;3;0;0;0;0;0;0;NaN NaN NaN;2290.6666666666665 2696 3005 3038.6666666666665 3352.6666666666665 3369.6666666666665 3404.3333333333335 3422.3333333333335 3451.3333333333335 3487.6666666666665 3527 33398.5;2538 3154 3951 3985 4099 4126 4162 4187 4227 4271 4293 35389;1823 1849 1872 1924 1955 1955 1982 1984 2000 2040 2054 31408;330.8739269805881 599.58152072925 858.9866122356041 849.7773564620062 989.0602722899258 1001.120150409308 1006.4579253776859 1017.7335385824501 1027.0593404905526 1024.8070821162173 1041.8467577655874 1990.5;NaN;"[[1823,1849,1872,1924,1955,1955,1982,1984,2000,2040,2054],[2511,3085,3951,3985,4004,4028,4069,4096,4127,4152,4234,31408],[2538,3154,3192,3207,4099,4126,4162,4187,4227,4271,4293,35389]]"
interactive-short-3;4;true;Unexpected "!" at position 0 in state STOP;3;;;;;;3;0;0;0;0;0;0;NaN NaN NaN;1814.3333333333333 1840 1875.6666666666667 1917 1950.3333333333333 1976.6666666666667 51174 51263 51383;1855 1880 1927 1975 2009 2025 51342 51342 51424;1785 1811 1836 1883 1908 1947 51006 51184 51342;29.67977238606942 29.223278392404914 38.055515004033545 41.21488404286329 42.82003684673281 34.4705993887867 168 79 41;NaN;"[[1785,1811,1836,1883,1908,1947],[1855,1880,1927,1975,2009,2025,51342,51342,51342],[1803,1829,1864,1893,1934,1958,51006,51184,51424]]"
interactive-short-4;0;false;;0;3f46276a77999064fb3ba4bff311f31a;2;2;2;0;3;1;1;1;691.3333333333334;795;635;795 644 635;375.3333333333333;475;325;70.47615830115096;73.39542825604937;"[[475],[326],[325]]"
interactive-short-4;1;false;;0;78c766f4d6731abc33d53d3bf4288b76;2;2;2;0;3;1;1;1;643.3333333333334;651;635;651 644 635;328;335;323;5.0990195135927845;6.548960901462833;"[[335],[326],[323]]"
interactive-short-4;2;false;;0;a43ca2b0f5f7f3fcc143ff5b5ebb98b7;1;1;1;0;3;1;1;1;327;332;324;332 325 324;325.6666666666667;330;323;3.091206165165235;3.559026084010437;"[[330],[324],[323]]"
interactive-short-4;3;false;;0;83e03237caeae11a9732e31c8720de82;1;1;1;0;3;1;1;1;328.3333333333333;334;323;334 328 323;327;333;321;4.898979485566356;4.4969125210773475;"[[333],[327],[321]]"
interactive-short-4;4;false;;0;c591516b8d3f4248553bf98a8799bd7b;1;1;1;0;3;1;1;1;328.3333333333333;331;324;331 330 324;326.6666666666667;329;322;3.299831645537222;3.0912061651652345;"[[329],[329],[322]]"
interactive-short-5;0;false;;0;619f3e0ae6c049f762f36a42933d2b26;174;174;174;0;3;1;1;1;3898;4070;3812;4070 3812 3812;970;989;959;13.490737563232042;121.62236636408618;"[[989],[962],[959]]"
interactive-short-5;1;false;;0;40fee0d6045274c9480d6562d0680795;112;112;112;0;3;1;1;1;2996.6666666666665;3047;2970;2970 2973 3047;953.3333333333334;956;950;2.494438257849294;35.6121078036982;"[[956],[954],[950]]"
interactive-short-5;2;false;;0;2a2070e09dee455b91f165b870383ee5;487;487;487;0;3;1;1;1;7648;7911;7224;7911 7224 7809;951.6666666666666;955;948;2.8674417556808756;302.6912618494297;"[[955],[952],[948]]"
interactive-short-5;3;false;;0;e17164d7a107bda057e78ca6395070b8;320;320;320;0;3;1;1;1;5456.333333333333;5489;5438;5438 5489 5442;961.6666666666666;967;958;3.858612300930075;23.156472577277874;"[[960],[967],[958]]"
interactive-short-5;4;false;;0;a139d37bc11d03db0985d6f68037d899;467;467;467;0;3;1;1;1;7237.666666666667;7399;7060;7060 7399 7254;957.6666666666666;958;957;0.4714045207910317;138.8772439562684;"[[957],[958],[958]]"
interactive-short-6;0;true;Unexpected "!" at position 0 in state STOP;3;;;;;;3;0;0;0;0;0;0;NaN NaN NaN;;;;;NaN;
interactive-short-6;1;true;Unexpected "!" at position 0 in state STOP;3;;;;;;3;0;0;0;0;0;0;NaN NaN NaN;;;;;NaN;
interactive-short-6;2;true;Unexpected "!" at position 0 in state STOP;3;;;;;;3;0;0;0;0;0;0;NaN NaN NaN;;;;;NaN;
interactive-short-6;3;true;Unexpected "!" at position 0 in state STOP;3;;;;;;3;0;0;0;0;0;0;NaN NaN NaN;;;;;NaN;
interactive-short-6;4;true;Unexpected "!" at position 0 in state STOP;3;;;;;;3;0;0;0;0;0;0;NaN NaN NaN;;;;;NaN;
interactive-short-7;0;true;Unexpected "!" at position 0 in state STOP;3;;;;;;3;0;0;0;0;0;0;NaN NaN NaN;;;;;NaN;
interactive-short-7;1;true;Unexpected "!" at position 0 in state STOP;3;;;;;;3;0;0;0;0;0;0;NaN NaN NaN;;;;;NaN;
interactive-short-7;2;true;Unexpected "!" at position 0 in state STOP;3;;;;;;3;0;0;0;0;0;0;NaN NaN NaN;;;;;NaN;
interactive-short-7;3;true;Unexpected "!" at position 0 in state STOP;3;;;;;;3;0;0;0;0;0;0;NaN NaN NaN;;;;;NaN;
interactive-short-7;4;true;Unexpected "!" at position 0 in state STOP;3;;;;;;3;0;0;0;0;0;0;NaN NaN NaN;;;;;NaN;
